Rating,Location,Headquarters,Size,Type of ownership,Industry,Sector,Revenue,min_salary,max_salary,avg_salary,hourly,employer_provided,job_state,same_state,age,python,r,sas,spark,aws,sql,excel,matlab,desc_len,level,title,comp,name
3.8,3,71,5,1,2,1,9,53,91,72.0,0,0,24,0,47.0,1,0,1,0,0,0,1,1,2555,2,2,0,293
3.4,99,11,1,6,28,12,5,63,112,87.5,0,0,17,0,36.0,1,0,0,0,0,0,0,0,4828,0,2,0,319
4.8,42,42,5,1,46,5,4,80,90,85.0,0,0,7,1,10.0,1,0,1,1,0,1,1,0,3495,0,2,0,164
3.8,154,149,2,3,17,19,10,56,97,76.5,0,0,35,1,55.0,1,0,0,0,0,0,0,0,3926,0,3,3,216
2.9,122,117,6,1,1,5,12,86,143,114.5,0,0,25,1,22.0,1,0,1,0,0,1,1,0,2748,3,2,3,13
3.4,50,46,3,2,43,20,0,71,119,95.0,0,0,32,1,20.0,1,0,0,0,1,1,1,0,3783,2,2,3,90
4.1,18,11,5,1,5,9,12,54,93,73.5,0,0,17,1,12.0,0,0,0,0,0,0,1,0,1808,3,2,0,77
3.8,164,168,3,1,12,5,6,86,142,114.0,0,0,2,0,15.0,1,0,0,1,1,1,1,0,3847,3,2,0,174
3.3,157,152,1,4,28,12,10,38,84,61.0,0,0,25,1,6.0,0,0,0,0,0,0,0,0,1561,0,4,0,247
4.6,122,117,6,1,34,13,4,120,160,140.0,0,0,25,1,11.0,1,0,0,1,0,0,0,0,4609,3,3,2,4
3.5,164,158,5,1,42,21,0,126,201,163.5,0,0,2,0,9.0,1,0,0,0,0,0,0,0,2789,2,2,0,332
4.1,35,77,4,2,45,5,0,64,106,85.0,0,0,34,0,52.0,0,0,0,0,0,1,0,0,3522,2,3,0,179
3.2,142,16,1,2,15,21,3,106,172,139.0,0,0,32,0,58.0,0,0,0,0,0,1,0,1,3980,3,2,3,329
4.1,173,168,3,1,1,5,12,46,85,65.5,0,0,35,1,8.0,1,0,0,1,1,1,1,0,4942,2,0,0,333
3.7,30,124,1,2,7,4,3,83,144,113.5,0,0,16,0,239.0,1,0,0,1,0,1,0,0,3799,2,2,3,289
3.6,123,118,2,8,41,16,12,102,190,146.0,0,0,23,1,25.0,0,0,0,0,0,0,1,0,1902,3,1,0,30
3.9,30,27,6,2,7,4,1,67,137,102.0,0,0,16,1,9.0,0,0,0,0,0,0,1,0,3676,3,4,3,45
4.3,118,111,3,1,18,13,12,118,189,153.5,0,0,2,1,9.0,1,0,0,1,1,0,1,0,4201,0,2,0,339
4.2,163,158,6,1,18,13,12,110,175,142.5,0,0,2,1,10.0,0,0,0,0,0,1,0,0,3549,2,2,0,207
4.0,53,51,5,5,33,14,10,64,111,87.5,0,0,3,1,105.0,1,0,0,0,0,1,1,0,4434,3,2,0,228
3.2,173,168,3,1,34,13,12,81,130,105.5,0,0,35,1,8.0,1,0,0,1,0,1,0,0,2944,3,2,3,230
3.9,50,111,3,1,32,14,12,73,119,96.0,0,0,32,0,7.0,0,0,0,0,0,0,1,0,6967,3,2,0,147
3.8,40,116,5,1,38,23,12,86,139,112.5,0,0,11,0,25.0,1,0,0,0,1,1,1,0,6472,3,2,0,313
4.3,104,130,6,5,38,23,2,63,105,84.0,0,0,14,0,85.0,1,0,0,0,0,1,1,0,2951,2,2,0,251
4.0,78,104,5,1,18,13,4,109,177,143.0,0,0,34,0,8.0,1,0,0,0,1,0,0,0,3806,2,2,3,205
4.0,30,117,1,2,7,4,3,63,110,86.5,0,0,16,0,171.0,1,0,0,0,1,0,1,1,3728,2,2,0,225
3.5,80,159,2,1,5,9,4,75,124,99.5,0,0,27,0,68.0,1,0,0,1,1,1,1,0,4452,3,2,0,124
3.7,199,195,4,2,33,14,7,34,61,47.5,0,0,16,1,168.0,0,0,0,0,0,0,1,0,4984,2,0,0,303
4.0,73,117,1,2,7,4,3,63,105,84.0,0,0,4,0,171.0,0,0,0,0,1,0,1,0,5057,1,2,0,225
4.8,42,42,5,1,46,5,4,80,90,85.0,0,0,7,1,10.0,1,0,1,1,0,1,1,0,3495,0,2,0,164
3.8,154,149,2,3,17,19,10,56,97,76.5,0,0,35,1,55.0,1,0,0,0,0,0,0,0,3926,0,3,3,216
3.6,55,53,2,1,43,20,10,72,120,96.0,0,0,18,1,23.0,1,0,1,0,0,1,0,0,3376,3,2,0,20
3.8,30,12,1,2,7,4,3,86,143,114.5,0,0,16,0,24.0,1,0,0,0,0,0,0,0,5126,3,2,0,204
3.8,182,176,4,2,53,22,5,93,149,121.0,0,0,2,1,24.0,1,0,0,1,0,1,1,0,2378,2,3,0,161
4.7,86,83,3,1,7,4,12,85,140,112.5,0,0,16,1,46.0,1,0,0,0,0,0,1,0,2187,2,2,3,202
4.2,164,40,3,1,30,13,12,77,135,106.0,0,0,2,0,12.0,1,0,0,0,0,1,1,0,1753,2,0,0,75
3.5,151,144,2,1,10,13,0,82,132,107.0,0,0,2,1,51.0,1,0,0,1,1,0,0,0,5044,3,3,1,111
4.7,197,194,3,1,2,1,4,83,137,110.0,0,0,16,1,10.0,1,0,0,1,0,1,1,0,3736,2,2,0,286
3.5,69,72,4,2,7,4,0,115,180,147.5,0,0,2,0,150.0,1,0,0,0,0,0,1,1,3602,3,2,0,261
3.5,101,94,3,1,33,14,4,74,138,106.0,0,0,25,1,35.0,1,0,0,0,0,1,1,0,1758,2,2,0,168
4.2,163,158,3,1,30,13,9,64,112,88.0,0,0,2,1,12.0,1,0,0,0,1,1,1,0,3079,3,1,3,262
3.6,108,98,0,1,26,11,11,68,129,98.5,0,0,16,0,46.65587044534413,0,0,0,0,0,1,1,0,2042,2,1,0,224
4.2,163,158,6,1,18,13,12,110,175,142.5,0,0,2,1,10.0,0,0,0,0,0,0,0,0,3872,2,3,0,207
3.4,6,171,4,2,14,15,5,52,113,82.5,0,0,23,0,5.0,0,0,0,0,1,0,0,0,3558,3,4,3,106
4.3,40,40,2,2,43,20,5,110,150,130.0,0,0,11,1,27.0,1,0,0,1,0,1,1,0,9165,3,2,3,110
5.0,190,2,7,1,18,13,12,150,160,155.0,0,1,5,0,46.65587044534413,0,0,0,0,1,0,1,0,3239,2,2,0,32
3.7,21,66,1,2,30,13,3,158,211,184.5,0,0,35,0,62.0,1,0,1,0,0,1,1,0,7325,0,2,3,327
3.1,102,125,4,1,18,13,5,20,39,29.5,0,0,3,0,34.0,0,0,0,0,0,0,1,0,3438,3,0,0,158
4.7,19,36,5,1,2,1,4,56,117,86.5,0,0,26,0,21.0,0,0,0,0,0,0,0,0,2730,3,0,3,65
3.7,137,50,1,2,31,15,3,63,99,81.0,0,0,11,0,95.0,0,0,0,0,0,0,0,0,2769,3,0,3,62
3.8,62,62,5,8,1,5,12,68,114,91.0,0,0,7,1,36.0,1,0,0,0,0,1,1,0,2953,3,2,0,335
3.3,26,22,1,1,33,14,3,86,143,114.5,0,0,16,1,108.0,1,0,0,0,0,0,0,0,4277,3,2,3,171
4.6,84,81,2,1,2,1,4,41,95,68.0,0,0,0,1,18.0,1,0,0,0,0,0,1,0,1649,1,0,0,306
3.7,11,196,1,2,32,14,3,86,144,115.0,0,0,25,0,157.0,1,0,0,0,0,1,1,1,4772,3,2,3,284
3.7,162,60,1,2,2,1,3,80,139,109.5,0,0,2,0,81.0,0,0,0,0,0,1,1,0,4495,2,1,0,203
3.5,3,72,4,2,7,4,0,56,95,75.5,0,0,24,0,150.0,1,0,0,0,0,0,1,1,3590,3,2,0,261
4.1,163,165,5,1,18,13,12,120,189,154.5,0,0,2,0,8.0,1,0,0,1,0,0,1,0,4244,3,2,3,201
4.7,159,154,6,1,30,13,12,111,176,143.5,0,0,20,1,4.0,1,0,0,1,0,1,0,0,5065,2,2,2,1
4.1,18,11,5,1,5,9,12,54,93,73.5,0,0,17,1,12.0,0,0,0,0,0,0,1,0,1808,3,2,0,77
3.4,50,46,3,2,43,20,0,71,119,95.0,0,0,32,1,20.0,1,0,0,0,1,1,1,0,3783,2,2,3,90
4.4,41,41,3,8,39,17,12,82,132,107.0,0,0,26,1,135.0,1,0,0,0,1,1,0,0,4852,3,3,0,300
4.3,122,117,3,1,12,5,2,84,146,115.0,0,0,25,1,9.0,1,0,0,1,1,1,0,0,1409,2,2,0,317
3.8,133,128,5,2,22,9,9,107,172,139.5,0,0,2,1,14.0,0,0,1,0,0,1,0,0,2962,3,2,0,40
3.8,154,149,2,3,17,19,10,49,85,67.0,0,0,35,1,55.0,0,0,1,0,0,0,0,0,4991,0,2,3,217
3.8,47,45,1,2,48,21,7,61,109,85.0,0,0,28,1,72.0,1,0,0,0,0,1,0,0,2527,3,2,3,93
2.8,66,67,6,1,7,4,1,88,148,118.0,0,0,16,1,14.0,1,0,0,0,0,1,1,0,1963,2,2,0,39
4.7,14,7,6,1,10,13,6,60,99,79.5,0,0,8,1,17.0,1,0,0,0,0,1,1,0,3123,3,2,0,213
3.1,26,22,3,2,1,5,4,41,72,56.5,0,0,16,1,21.0,1,0,0,0,0,1,0,0,8451,3,2,4,51
3.2,139,34,0,1,49,5,8,96,161,128.5,0,0,28,0,46.65587044534413,1,0,0,1,1,1,0,0,2352,3,3,0,206
4.0,188,128,1,2,10,13,12,65,130,97.5,0,0,35,0,81.0,0,0,0,0,0,0,0,0,2312,2,4,0,146
4.4,85,138,0,1,18,13,12,52,81,66.5,0,0,12,0,5.0,1,0,0,0,0,0,0,0,1902,2,4,0,275
3.6,94,88,1,2,59,5,3,139,220,179.5,0,0,11,1,93.0,1,0,1,0,0,1,1,0,2929,0,2,0,138
2.7,109,157,5,8,45,5,9,50,102,76.0,0,0,20,0,42.0,0,0,0,0,0,0,1,0,2703,2,4,0,104
3.9,37,147,5,1,30,13,4,85,139,112.0,0,0,34,0,10.0,1,0,0,1,0,1,0,0,4501,3,2,3,297
3.1,141,97,2,1,40,17,0,74,122,98.0,0,0,28,0,160.0,1,0,0,0,0,0,0,0,2651,2,3,3,61
4.0,188,128,1,2,10,13,12,99,157,128.0,0,0,35,0,81.0,0,0,0,1,1,1,0,0,4333,3,2,0,146
4.3,118,111,3,1,18,13,12,79,222,150.5,0,0,2,1,9.0,1,0,0,1,1,0,1,0,3437,3,2,0,339
1.9,30,27,6,1,7,4,2,57,118,87.5,0,0,16,1,20.0,0,0,0,0,1,0,0,0,5195,2,3,0,128
3.3,35,77,2,1,2,1,0,83,137,110.0,0,0,34,0,3.0,1,0,0,0,0,0,1,1,3428,3,2,0,223
4.4,164,14,1,1,30,13,10,86,141,113.5,0,0,2,0,25.0,1,0,0,0,0,0,1,0,889,2,3,3,218
3.9,163,158,6,1,28,12,1,94,154,124.0,0,0,2,1,4.0,1,0,0,0,0,1,0,0,4232,3,2,0,208
4.7,76,76,3,1,1,5,6,37,76,56.5,0,0,28,1,23.0,0,0,0,0,0,0,1,0,4523,0,0,0,341
4.5,96,89,4,5,2,1,0,100,160,130.0,0,0,17,1,78.0,1,0,0,0,0,0,1,0,3024,3,2,3,160
4.3,40,40,6,1,10,13,2,55,100,77.5,0,0,11,1,12.0,0,0,0,0,0,1,1,0,3706,3,0,3,233
4.0,10,6,3,1,12,5,9,60,114,87.0,0,0,34,1,18.0,1,0,0,0,1,1,1,0,3860,3,2,0,114
4.4,184,178,5,1,59,5,4,39,68,53.5,0,0,35,1,72.0,0,0,0,0,0,0,1,0,1819,2,0,0,135
3.2,142,16,1,2,15,21,3,106,172,139.0,0,0,32,0,58.0,0,0,0,0,0,1,0,1,3980,3,2,3,329
3.8,164,168,3,1,12,5,6,86,142,114.0,0,0,2,0,15.0,1,0,0,1,1,1,1,0,3847,3,2,0,174
4.2,113,106,5,1,18,13,4,64,107,85.5,0,0,7,1,12.0,1,0,0,1,0,1,1,0,3253,0,2,0,338
4.5,84,36,6,1,30,13,6,31,65,48.0,0,0,0,0,24.0,0,0,0,0,0,1,1,0,2279,0,2,0,196
3.5,121,115,6,1,18,13,12,34,62,48.0,0,0,15,1,21.0,0,0,0,0,0,1,1,0,2817,3,0,0,340
3.5,163,158,3,2,7,4,4,117,231,174.0,0,0,2,1,30.0,0,0,0,0,0,0,1,0,4798,3,4,3,200
3.9,14,40,4,2,21,9,0,64,106,85.0,0,0,8,0,52.0,1,0,1,1,0,1,0,0,2411,3,0,0,310
4.7,95,182,6,1,30,13,2,79,134,106.5,0,0,17,0,17.0,0,0,0,0,0,0,0,0,2746,2,4,0,151
4.2,135,7,2,1,30,13,4,52,93,72.5,0,0,17,0,32.0,0,0,0,0,0,0,1,0,2356,3,2,0,264
3.4,181,59,1,8,30,13,3,55,116,85.5,0,0,17,0,24.0,0,0,0,0,0,0,0,0,4154,3,4,3,133
3.2,111,13,4,5,20,10,0,72,123,97.5,0,0,34,0,62.0,1,0,1,0,0,1,1,1,5466,3,2,3,177
3.9,61,147,5,1,30,13,4,74,124,99.0,0,0,34,0,10.0,1,0,0,0,0,0,1,0,2606,3,2,3,297
3.1,116,22,2,1,33,14,5,40,73,56.5,0,0,36,0,19.0,0,0,0,0,0,1,1,0,4265,2,0,3,99
4.1,175,172,0,1,30,13,12,102,164,133.0,0,0,17,1,13.0,1,0,0,0,0,0,0,0,5510,3,2,0,243
3.8,122,117,6,1,45,5,12,89,153,121.0,0,0,25,1,8.0,1,0,0,1,0,0,0,0,3471,3,2,0,3
4.7,183,177,5,1,46,5,12,61,110,85.5,0,0,25,1,28.0,1,0,0,0,0,1,0,0,3351,3,2,3,239
4.3,83,117,2,8,16,8,12,65,110,87.5,0,0,32,0,5.0,1,0,0,0,0,1,0,0,3759,3,3,3,312
4.2,190,185,2,1,12,5,12,200,275,237.5,0,0,5,1,85.0,1,0,0,0,0,0,1,0,3323,3,2,3,131
3.9,36,150,2,1,30,13,4,68,123,95.5,0,0,21,0,23.0,1,0,0,1,0,1,0,0,5537,3,2,3,57
3.3,177,53,1,2,54,15,7,80,129,104.5,0,0,18,0,26.0,1,0,0,1,1,1,1,0,4804,3,2,0,18
4.7,110,139,3,1,10,13,12,41,72,56.5,0,0,23,0,8.0,0,0,0,0,0,1,1,0,5643,3,0,3,67
4.3,140,135,3,1,18,13,6,39,71,55.0,0,0,1,1,10.0,0,0,1,0,0,1,1,0,3240,3,0,0,156
2.9,129,125,2,4,28,12,12,38,85,61.5,0,0,22,1,43.0,0,0,0,0,0,0,1,0,4961,3,4,3,47
4.5,163,158,3,1,10,13,4,121,193,157.0,0,0,2,1,14.0,0,0,0,1,1,0,0,0,5174,3,2,3,98
3.4,105,100,3,1,34,13,12,54,102,78.0,0,0,23,1,1.0,1,0,0,0,0,1,0,0,2254,3,1,2,260
3.7,30,124,1,2,7,4,3,83,144,113.5,0,0,16,0,239.0,1,0,0,1,0,1,0,0,3799,2,2,3,289
4.6,122,117,6,1,34,13,4,120,160,140.0,0,0,25,1,11.0,1,0,0,1,0,0,0,0,4609,3,3,2,4
3.2,163,158,6,1,18,13,12,102,163,132.5,0,0,2,1,5.0,0,0,0,1,0,0,1,0,3185,3,2,0,126
4.0,163,162,4,2,10,13,5,76,140,108.0,0,0,2,0,38.0,1,0,0,1,0,1,0,0,3479,3,2,0,31
4.6,15,8,5,1,19,2,9,60,101,80.5,0,0,12,1,83.0,0,0,0,0,0,0,0,0,745,3,2,0,36
2.8,158,153,3,1,28,12,12,82,133,107.5,0,0,17,1,20.0,1,0,0,0,0,0,0,0,3930,2,2,0,102
4.7,117,109,6,1,12,5,6,65,125,95.0,0,0,19,1,24.0,0,0,0,1,1,1,0,0,2922,2,4,2,209
3.0,103,96,2,5,28,12,12,91,148,119.5,0,0,2,1,23.0,1,0,1,1,0,1,0,0,4036,0,2,3,167
3.2,36,64,2,1,1,5,0,95,173,134.0,0,0,21,0,20.0,0,0,0,1,1,1,0,0,2642,3,1,3,242
4.4,30,27,3,1,18,13,12,77,124,100.5,0,0,16,1,21.0,1,0,0,0,0,1,1,0,4216,3,2,0,237
3.5,41,41,2,2,51,16,10,80,135,107.5,0,0,26,1,142.0,1,0,0,0,0,1,0,0,7286,0,2,0,301
4.0,190,185,6,1,34,13,12,85,159,122.0,0,0,5,1,5.0,1,0,0,1,1,1,0,0,4104,3,2,0,320
4.3,40,40,2,2,43,20,5,80,105,92.5,0,0,11,1,27.0,1,0,0,1,0,1,1,0,8217,3,2,3,110
2.3,18,11,5,1,45,5,4,43,81,62.0,0,0,17,1,34.0,0,0,0,0,0,1,1,0,1847,3,4,0,285
4.0,1,49,6,9,3,5,6,29,50,39.5,0,0,0,0,20.0,0,0,0,0,0,0,0,0,2823,2,4,0,16
3.6,170,166,2,1,31,15,4,82,133,107.5,0,0,2,0,54.0,0,0,0,0,0,0,1,0,4023,3,2,0,9
3.8,90,86,5,1,49,5,12,26,55,40.5,0,0,20,1,3.0,1,0,0,0,1,1,1,0,4185,0,1,0,127
3.7,13,66,1,2,30,13,3,61,118,89.5,0,0,34,0,62.0,1,0,0,1,0,1,0,0,5040,3,2,3,327
4.4,40,40,3,1,12,5,9,60,102,81.0,0,0,11,1,12.0,1,0,0,0,1,1,1,0,3200,3,2,0,182
4.0,78,104,5,1,18,13,4,112,182,147.0,0,0,34,0,8.0,1,0,0,0,1,0,0,0,3744,3,2,3,205
3.2,64,65,2,1,8,9,4,64,106,85.0,0,0,32,1,62.0,1,0,1,0,0,1,1,0,4041,0,2,3,123
2.9,187,187,2,1,14,15,0,51,112,81.5,0,0,2,0,49.0,0,0,0,0,0,0,1,0,5685,3,4,2,226
3.8,125,162,2,2,7,4,10,113,223,168.0,0,0,2,0,23.0,0,0,0,0,0,0,1,0,6319,3,4,3,41
4.3,16,9,0,1,2,1,12,72,129,100.5,0,0,3,1,13.0,1,0,0,1,1,1,1,0,3592,2,3,0,277
3.4,122,93,2,1,12,5,4,71,123,97.0,0,0,25,0,77.0,1,0,0,1,0,1,1,0,7665,2,2,3,215
4.1,35,77,4,2,45,5,0,64,106,85.0,0,0,34,0,52.0,0,0,0,0,0,1,0,0,3522,2,3,0,179
4.3,118,111,3,1,18,13,12,118,189,153.5,0,0,2,1,9.0,1,0,0,1,1,0,1,0,4201,0,2,0,339
5.0,185,147,6,1,30,13,12,120,145,132.5,0,1,7,0,3.0,0,0,0,0,0,0,0,0,695,2,1,0,142
4.3,40,40,6,1,10,13,2,80,120,100.0,0,0,11,1,12.0,0,0,0,1,0,1,1,0,3080,3,1,3,233
3.7,53,51,3,1,56,24,12,80,130,105.0,0,0,3,1,9.0,1,0,0,0,0,1,0,0,3392,3,2,0,113
4.2,155,155,1,5,44,18,12,59,115,87.0,0,0,33,0,46.65587044534413,0,0,0,0,1,0,1,0,3118,3,1,0,298
4.3,163,158,6,1,43,20,12,71,136,103.5,0,0,2,1,7.0,0,0,0,0,0,1,1,0,1831,2,0,3,184
2.6,141,136,5,0,9,8,12,81,167,124.0,0,0,28,1,36.0,1,0,1,0,0,0,1,0,6197,3,4,0,270
3.8,154,149,2,3,17,19,10,49,85,67.0,0,0,35,1,55.0,1,0,0,0,0,0,0,0,6914,0,4,3,216
3.9,190,168,1,1,30,13,5,60,114,87.0,0,0,5,0,20.0,0,0,0,0,0,0,0,0,3255,3,1,3,6
4.3,40,111,3,1,18,13,12,71,204,137.5,0,0,11,0,9.0,1,0,0,1,1,0,1,0,3437,3,2,0,339
3.8,41,41,3,1,1,5,4,75,125,100.0,0,0,26,1,33.0,1,0,0,0,0,1,1,0,5582,3,2,3,220
3.8,38,38,4,5,33,14,7,77,136,106.5,0,0,31,1,75.0,0,0,1,0,0,1,1,0,5813,3,4,0,44
3.8,154,149,2,3,17,19,10,74,123,98.5,0,0,35,1,55.0,0,0,0,0,0,0,0,0,4946,0,3,3,216
4.8,42,42,5,1,46,5,4,44,78,61.0,0,0,7,1,10.0,1,0,0,0,0,1,1,0,2968,0,2,0,164
4.4,85,82,6,1,12,5,12,65,148,106.5,0,0,12,1,12.0,1,0,0,1,1,1,0,0,4175,3,2,0,162
3.9,30,27,6,1,34,13,12,59,110,84.5,0,0,16,1,15.0,1,0,0,1,0,1,0,0,2097,2,1,0,79
3.4,59,57,2,2,14,15,5,85,134,109.5,0,0,23,1,174.0,1,0,0,0,0,0,1,0,2998,3,0,0,72
3.6,26,174,4,1,33,14,3,124,204,164.0,0,0,16,0,169.0,1,0,0,1,1,1,0,0,4458,3,2,0,180
3.9,176,173,1,8,7,4,3,131,207,169.0,0,0,2,1,44.0,1,0,0,1,0,1,1,0,7162,3,2,0,132
3.8,49,176,4,2,53,22,5,110,174,142.0,0,0,2,0,24.0,1,0,0,1,1,0,1,0,2419,3,2,0,161
3.7,26,124,1,2,7,4,3,52,101,76.5,0,0,16,0,239.0,0,0,0,0,0,0,1,0,2508,3,4,3,289
3.8,68,69,5,1,33,14,10,81,133,107.0,0,0,17,1,39.0,1,0,0,0,0,1,1,0,3035,3,1,0,169
3.5,164,159,1,2,10,13,3,132,211,171.5,0,0,2,1,50.0,1,0,0,0,1,1,0,0,4563,3,3,2,331
3.9,50,111,3,1,32,14,12,73,119,96.0,0,0,32,0,7.0,0,0,0,0,0,0,1,0,6967,3,2,0,147
4.2,163,158,6,1,18,13,12,110,175,142.5,0,0,2,1,10.0,0,0,0,0,0,1,0,0,3549,2,2,0,207
4.2,155,155,1,5,44,18,12,74,140,107.0,0,0,33,0,46.65587044534413,0,0,0,0,0,0,1,0,2691,2,1,0,298
3.5,108,103,2,1,7,4,0,100,190,145.0,0,0,16,1,10.0,1,0,0,0,0,0,1,1,5417,3,4,3,283
2.9,78,77,3,5,9,8,6,43,80,61.5,0,0,34,1,27.0,1,0,0,0,0,1,1,0,5791,3,0,3,199
3.6,193,143,4,5,28,12,12,34,48,41.0,1,0,28,0,3.0,0,0,0,0,0,0,0,0,2145,3,4,0,307
2.7,106,101,6,3,35,9,9,91,149,120.0,0,0,36,1,69.0,1,0,0,0,0,1,0,0,6530,3,0,0,276
4.4,30,27,3,2,7,4,4,42,82,62.0,0,0,16,1,7.0,0,0,0,0,0,0,0,0,5538,3,4,0,250
4.0,163,162,4,2,10,13,5,116,185,150.5,0,0,2,0,38.0,1,0,1,1,0,1,0,1,2549,3,2,0,31
4.3,52,53,3,1,1,5,12,59,116,87.5,0,0,18,0,53.0,0,0,0,0,0,1,1,0,1990,3,4,0,211
4.2,196,193,6,2,1,5,6,48,95,71.5,0,0,7,1,14.0,1,0,0,1,1,1,1,0,10146,3,1,2,152
3.6,166,162,6,8,15,21,4,31,72,51.5,0,0,2,1,14.0,0,0,0,0,0,0,1,0,4386,3,0,0,326
3.7,162,124,1,2,7,4,3,105,198,151.5,0,0,2,0,239.0,0,0,0,0,0,0,1,1,5884,3,3,3,289
2.8,74,75,3,1,30,13,12,55,100,77.5,0,0,23,1,6.0,1,0,0,0,0,1,1,0,5965,0,0,0,100
3.7,26,124,1,2,7,4,3,98,182,140.0,0,0,16,0,239.0,0,0,0,0,0,0,1,0,2348,3,4,3,289
3.3,198,22,2,1,33,14,2,73,124,98.5,0,0,23,0,38.0,0,0,1,0,0,1,1,0,3261,3,2,2,229
3.7,163,70,6,1,30,13,8,200,250,225.0,0,1,2,0,3.0,1,0,0,0,1,0,1,1,1657,0,2,0,52
3.6,98,90,2,5,28,12,4,42,68,55.0,1,0,6,1,85.0,0,0,0,0,0,0,0,0,2762,2,4,0,38
3.7,26,124,1,2,7,4,3,117,206,161.5,0,0,16,0,239.0,0,0,0,0,0,0,0,0,1368,3,4,3,289
3.4,122,74,2,2,33,14,0,111,183,147.0,0,0,25,0,72.0,1,0,0,1,1,1,0,0,4873,3,2,0,24
4.1,179,175,5,1,17,19,0,44,78,61.0,0,0,20,1,59.0,0,0,0,0,0,1,1,0,2917,2,0,0,26
2.6,141,136,5,0,9,8,12,81,159,120.0,0,0,28,1,36.0,1,0,0,0,0,0,0,1,2834,2,3,0,270
3.2,140,189,2,2,37,9,10,83,166,124.5,0,0,1,0,12.0,1,0,0,0,0,1,1,0,1947,1,2,3,221
3.9,28,26,6,1,21,9,9,114,182,148.0,0,0,2,1,11.0,1,0,0,0,0,0,0,0,2392,3,2,0,334
4.7,84,6,6,1,2,1,6,42,76,59.0,0,0,0,0,24.0,1,0,0,0,0,0,1,1,3114,2,0,2,91
3.7,199,195,4,2,33,14,7,114,179,146.5,0,0,16,1,168.0,1,0,1,0,0,1,1,0,5195,3,2,0,303
2.9,124,119,3,2,7,4,12,60,123,91.5,0,0,16,1,46.65587044534413,0,0,0,0,0,0,1,0,4011,3,4,0,163
3.0,40,40,5,1,7,4,12,100,166,133.0,0,0,11,1,5.0,1,0,0,0,1,1,0,0,3313,3,3,0,295
4.7,160,155,6,1,7,4,1,108,173,140.5,0,0,33,1,7.0,1,0,0,0,1,0,0,0,4854,0,2,0,241
3.7,93,51,5,1,10,13,12,48,93,70.5,0,0,15,0,46.65587044534413,0,0,0,0,0,1,1,0,3696,3,4,0,214
3.3,157,152,1,4,28,12,10,54,115,84.5,0,0,25,1,6.0,0,0,0,0,0,0,0,0,3693,0,0,0,247
4.0,9,4,6,1,10,13,8,60,127,93.5,0,0,17,1,18.0,0,0,0,0,0,0,1,0,4674,2,2,0,76
4.4,30,27,3,2,7,4,4,90,179,134.5,0,0,16,1,7.0,0,0,0,0,0,0,0,0,4464,3,4,0,250
3.9,163,158,3,1,34,13,2,138,224,181.0,0,0,2,1,13.0,1,0,0,1,0,1,0,0,2037,3,1,2,290
3.3,157,152,1,4,28,12,10,54,115,84.5,0,0,25,1,6.0,0,0,0,0,0,0,0,0,3650,0,0,0,247
4.1,118,111,6,1,34,13,9,190,220,205.0,0,0,2,1,10.0,1,0,0,1,1,1,0,0,4077,3,1,3,87
3.6,79,78,2,1,24,3,4,35,62,48.5,0,0,2,1,34.0,0,0,1,0,0,1,1,0,4644,0,0,0,258
4.0,29,5,2,4,28,12,9,36,50,43.0,1,0,32,0,43.0,0,0,0,0,1,0,0,0,5215,2,4,0,296
2.4,82,61,5,1,23,15,4,39,66,52.5,0,0,11,0,46.65587044534413,0,0,0,0,0,0,0,0,2455,2,4,0,291
2.6,141,136,5,0,9,8,12,81,167,124.0,0,0,28,1,36.0,0,0,0,0,0,0,0,0,5421,3,3,0,270
3.5,171,167,5,5,28,12,10,42,86,64.0,0,0,2,1,24.0,0,0,0,0,0,1,0,0,3901,0,4,0,66
3.0,92,87,1,1,25,21,3,69,127,98.0,0,0,31,1,62.0,1,0,0,0,0,1,0,0,2177,2,4,3,227
3.6,114,90,2,5,28,12,4,42,68,55.0,1,0,6,0,85.0,0,0,0,0,0,0,0,0,2840,2,4,0,38
3.3,116,108,5,1,23,15,12,40,68,54.0,0,0,36,1,56.0,0,0,0,0,0,0,0,0,2855,0,4,0,219
2.7,158,153,3,1,7,4,6,49,113,81.0,0,0,17,1,59.0,0,0,0,0,0,0,1,0,3809,3,4,0,12
3.4,40,40,2,2,55,23,5,75,140,107.5,0,0,11,1,15.0,0,0,0,0,0,1,0,0,4335,3,1,3,105
3.8,40,116,5,1,38,23,12,86,139,112.5,0,0,11,0,25.0,1,0,0,0,1,1,1,0,6472,3,2,0,313
3.7,78,17,1,2,2,1,3,66,112,89.0,0,0,34,0,25.0,1,0,0,1,0,1,1,0,5336,3,2,3,173
4.8,174,170,2,1,33,14,0,76,125,100.5,0,0,36,1,95.0,0,0,1,0,0,0,0,0,1828,3,2,0,10
3.8,122,117,2,1,56,24,5,44,86,65.0,0,0,25,1,18.0,0,0,0,0,0,1,1,0,2499,3,0,3,121
3.4,121,185,1,3,20,10,12,30,50,40.0,1,0,15,0,90.0,0,0,1,0,0,0,0,0,9347,2,4,0,324
4.3,50,46,3,8,12,5,12,53,92,72.5,0,0,32,1,21.0,1,0,0,1,1,1,1,0,5815,3,2,0,86
4.8,42,42,5,1,46,5,4,44,78,61.0,0,0,7,1,10.0,1,0,0,0,0,1,1,0,2968,0,2,0,164
3.4,59,57,2,2,14,15,5,85,134,109.5,0,0,23,1,174.0,1,0,0,0,0,0,1,0,2998,3,0,0,72
3.9,30,27,6,1,34,13,12,59,110,84.5,0,0,16,1,15.0,1,0,0,1,0,1,0,0,2097,2,1,0,79
3.4,40,40,6,1,1,5,2,64,111,87.5,0,0,11,1,28.0,0,0,1,0,0,1,0,0,4125,2,2,0,274
3.1,165,169,2,2,58,16,3,65,120,92.5,0,0,2,0,23.0,1,1,0,0,0,1,1,0,3154,3,0,3,195
3.2,111,13,4,5,20,10,0,60,103,81.5,0,0,34,0,62.0,1,0,0,1,0,0,0,0,3207,3,2,3,177
4.3,51,48,2,1,57,23,12,53,105,79.0,0,0,26,1,39.0,0,0,0,0,0,1,0,0,1925,2,0,2,97
3.6,26,174,4,1,33,14,3,124,204,164.0,0,0,16,0,169.0,1,0,0,1,1,1,0,0,4458,3,2,0,180
3.9,176,173,1,8,7,4,3,131,207,169.0,0,0,2,1,44.0,1,0,0,1,0,1,1,0,7162,3,2,0,132
3.8,49,176,4,2,53,22,5,110,174,142.0,0,0,2,0,24.0,1,0,0,1,1,0,1,0,2419,3,2,0,161
2.8,134,160,5,5,47,18,9,33,62,47.5,0,0,2,0,46.65587044534413,0,0,0,0,0,0,1,0,5525,2,4,0,80
3.7,26,124,1,2,7,4,3,52,101,76.5,0,0,16,0,239.0,0,0,0,0,0,0,1,0,2508,3,4,3,289
3.4,163,158,6,1,18,13,12,48,90,69.0,0,0,2,1,7.0,1,0,0,0,0,1,1,0,5538,3,0,0,314
4.0,112,0,3,1,10,13,9,34,64,49.0,0,0,10,0,36.0,1,1,0,0,0,1,1,0,2536,3,2,0,94
3.5,164,159,1,2,10,13,3,132,211,171.5,0,0,2,1,50.0,1,0,0,0,1,1,0,0,4563,3,3,2,331
3.8,68,69,5,1,33,14,10,81,133,107.0,0,0,17,1,39.0,1,0,0,0,0,1,1,0,3035,3,1,0,169
3.7,39,39,3,1,18,13,12,42,76,59.0,0,0,23,1,24.0,0,0,0,0,0,0,1,0,2802,3,0,0,85
3.5,85,6,3,1,30,13,6,66,111,88.5,0,0,12,0,1.0,0,0,0,0,1,0,0,0,7159,3,2,0,316
4.2,155,155,1,5,44,18,12,74,140,107.0,0,0,33,0,46.65587044534413,0,0,0,0,0,0,1,0,2691,2,1,0,298
4.0,30,117,1,2,7,4,3,63,110,86.5,0,0,16,0,171.0,1,0,0,0,1,0,1,1,3728,2,2,0,225
4.3,104,130,6,5,38,23,2,63,105,84.0,0,0,14,0,85.0,1,0,0,0,0,1,1,0,2951,2,2,0,251
4.7,122,41,3,1,12,5,9,91,138,114.5,0,0,25,0,28.0,1,0,1,0,0,1,1,0,4177,3,2,0,287
3.5,108,103,2,1,7,4,0,100,190,145.0,0,0,16,1,10.0,1,0,0,0,0,0,1,1,5417,3,4,3,283
4.4,119,158,2,2,34,13,4,62,114,88.0,0,0,31,0,14.0,1,0,0,1,1,1,1,0,4499,3,2,3,112
4.1,40,40,5,1,34,13,4,71,129,100.0,0,0,11,1,19.0,1,0,0,1,1,1,0,0,5004,3,1,3,68
2.9,78,77,3,5,9,8,6,43,80,61.5,0,0,34,1,27.0,1,0,0,0,0,1,1,0,5791,3,0,3,199
2.5,145,147,2,2,1,5,0,74,119,96.5,0,0,27,0,21.0,1,0,0,1,0,1,0,0,4507,3,2,3,336
4.2,117,40,3,1,12,5,12,55,97,76.0,0,0,19,0,28.0,1,0,0,0,0,1,1,0,2415,3,4,3,281
3.9,144,140,2,1,45,5,4,15,16,15.5,0,0,25,1,54.0,0,0,0,0,0,0,1,0,5019,3,2,0,197
4.3,17,10,0,1,1,5,12,61,106,83.5,0,0,32,1,10.0,1,0,0,0,0,1,1,0,3146,2,2,0,35
2.7,106,101,6,3,35,9,9,91,149,120.0,0,0,36,1,69.0,1,0,0,0,0,1,0,0,6530,3,0,0,276
3.9,176,173,1,8,7,4,3,127,199,163.0,0,0,2,1,44.0,0,0,1,0,0,1,1,0,4623,0,2,0,132
3.4,147,141,5,5,33,14,12,74,126,100.0,0,0,29,1,81.0,0,0,1,0,1,1,0,0,4899,0,4,1,43
3.8,129,125,2,5,47,18,12,33,72,52.5,0,0,22,1,103.0,0,0,0,0,0,0,1,0,4869,3,4,3,46
3.6,193,143,4,5,28,12,12,34,48,41.0,1,0,28,0,3.0,0,0,0,0,0,0,0,0,2145,3,4,0,307
3.3,190,185,5,5,28,12,12,37,63,50.0,0,0,5,1,137.0,0,0,0,0,0,1,1,0,4145,0,0,0,302
3.4,17,2,3,1,12,5,9,67,119,93.0,0,0,32,0,14.0,1,0,0,0,1,1,0,0,3836,2,1,0,232
3.0,41,91,2,1,32,14,5,72,117,94.5,0,0,26,0,133.0,1,0,1,0,0,1,0,0,3465,0,2,0,19
4.0,163,162,4,2,10,13,5,116,185,150.5,0,0,2,0,38.0,1,0,1,1,0,1,0,1,2549,3,2,0,31
3.7,149,150,2,2,33,14,7,78,126,102.0,0,0,21,0,16.0,1,0,1,1,1,1,1,0,5613,3,2,3,136
4.4,30,27,3,2,7,4,4,42,82,62.0,0,0,16,1,7.0,0,0,0,0,0,0,0,0,5538,3,4,0,250
4.3,52,53,3,1,1,5,12,59,116,87.5,0,0,18,0,53.0,0,0,0,0,0,1,1,0,1990,3,4,0,211
4.0,73,117,1,2,7,4,3,63,105,84.0,0,0,4,0,171.0,0,0,0,0,1,0,1,0,5057,1,2,0,225
4.0,78,104,5,1,18,13,4,109,177,143.0,0,0,34,0,8.0,1,0,0,0,1,0,0,0,3806,2,2,3,205
3.2,138,34,0,1,49,5,8,116,194,155.0,0,0,28,0,46.65587044534413,1,0,0,1,1,0,1,0,1849,3,2,0,206
4.2,196,193,6,2,1,5,6,48,95,71.5,0,0,7,1,14.0,1,0,0,1,1,1,1,0,10146,3,1,2,152
3.9,127,163,6,1,33,14,2,83,133,108.0,0,0,2,0,20.0,1,0,1,1,0,1,0,0,3051,3,2,0,308
3.7,162,124,1,2,7,4,3,105,198,151.5,0,0,2,0,239.0,0,0,0,0,0,0,1,1,5884,3,3,3,289
3.6,166,162,6,8,15,21,4,31,72,51.5,0,0,2,1,14.0,0,0,0,0,0,0,1,0,4386,3,0,0,326
3.7,26,124,1,2,7,4,3,98,182,140.0,0,0,16,0,239.0,0,0,0,0,0,0,1,0,2348,3,4,3,289
2.8,74,75,3,1,30,13,12,55,100,77.5,0,0,23,1,6.0,1,0,0,0,0,1,1,0,5965,0,0,0,100
4.2,25,21,5,1,35,9,9,45,82,63.5,0,0,10,1,16.0,0,0,0,0,0,1,1,0,2678,2,0,0,78
4.0,163,138,0,1,30,13,11,83,135,109.0,0,0,2,0,46.65587044534413,1,0,0,0,0,1,0,0,714,2,2,0,294
3.5,126,99,4,2,2,1,10,70,122,96.0,0,0,31,0,170.0,1,0,0,0,0,0,0,0,3823,3,2,0,34
3.7,163,70,6,1,30,13,8,200,250,225.0,0,1,2,0,3.0,1,0,0,0,1,0,1,1,1657,0,2,0,52
3.2,0,189,2,2,37,9,10,70,132,101.0,0,0,2,0,12.0,1,0,0,0,1,1,1,0,2524,3,2,3,221
3.3,198,22,2,1,33,14,2,73,124,98.5,0,0,23,0,38.0,0,0,1,0,0,1,1,0,3261,3,2,2,229
3.9,136,132,2,1,31,15,0,54,101,77.5,0,0,9,1,72.0,0,0,0,0,0,1,1,0,3547,2,1,3,323
3.7,26,124,1,2,7,4,3,117,206,161.5,0,0,16,0,239.0,0,0,0,0,0,0,0,0,1368,3,4,3,289
3.6,98,90,2,5,28,12,4,42,68,55.0,1,0,6,1,85.0,0,0,0,0,0,0,0,0,2762,2,4,0,38
3.4,122,74,2,2,33,14,0,111,183,147.0,0,0,25,0,72.0,1,0,0,1,1,1,0,0,4873,3,2,0,24
3.5,167,112,1,2,30,13,12,68,112,90.0,0,0,2,0,23.0,1,0,0,0,0,1,1,0,1233,2,3,3,166
4.3,150,180,5,2,5,9,7,42,74,58.0,0,0,23,0,118.0,0,0,1,0,1,1,0,0,6658,0,0,0,210
4.1,179,175,5,1,17,19,0,44,78,61.0,0,0,20,1,59.0,0,0,0,0,0,1,1,0,2917,2,0,0,26
2.6,141,136,5,0,9,8,12,81,159,120.0,0,0,28,1,36.0,1,0,0,0,0,0,0,1,2834,2,3,0,270
3.6,122,117,2,2,4,21,10,95,161,128.0,0,0,25,1,276.0,1,0,0,0,0,0,0,0,2080,3,1,0,272
3.5,80,159,2,1,5,9,4,75,124,99.5,0,0,27,0,68.0,1,0,0,1,1,1,1,0,4452,3,2,0,124
3.6,55,53,2,1,43,20,10,72,120,96.0,0,0,18,1,23.0,1,0,1,0,0,1,0,0,3376,3,2,0,20
2.3,190,185,3,2,7,4,4,76,126,101.0,0,0,5,1,17.0,1,0,1,0,0,1,1,0,1741,3,3,0,322
3.9,28,26,6,1,21,9,9,114,182,148.0,0,0,2,1,11.0,1,0,0,0,0,0,0,0,2392,3,2,0,334
4.0,61,104,5,1,18,13,4,108,176,142.0,0,0,34,0,8.0,1,0,0,0,1,1,0,0,4699,3,2,3,205
4.1,133,128,0,1,36,8,12,130,208,169.0,0,0,2,1,13.0,0,0,1,0,1,1,1,1,4789,3,2,0,55
3.2,140,189,2,2,37,9,10,83,166,124.5,0,0,1,0,12.0,1,0,0,0,0,1,1,0,1947,1,2,3,221
4.7,84,6,6,1,2,1,6,42,76,59.0,0,0,0,0,24.0,1,0,0,0,0,0,1,1,3114,2,0,2,91
4.2,162,184,6,1,12,5,2,37,68,52.5,0,0,2,0,33.0,1,0,0,0,0,1,0,0,3895,3,2,0,212
4.6,83,147,5,1,30,13,9,52,99,75.5,0,0,32,0,38.0,0,0,1,1,0,1,0,0,2068,3,1,0,21
3.7,11,196,1,2,32,14,3,105,173,139.0,0,0,25,0,157.0,1,0,0,0,0,1,1,1,4969,3,2,3,284
3.7,30,124,1,2,7,4,3,71,134,102.5,0,0,16,0,239.0,1,0,0,1,1,1,1,0,4552,3,1,3,289
4.4,45,37,3,1,3,5,6,39,82,60.5,0,0,30,0,91.0,0,0,0,0,0,0,0,0,1957,0,4,3,328
3.7,199,195,4,2,33,14,7,114,179,146.5,0,0,16,1,168.0,1,0,1,0,0,1,1,0,5195,3,2,0,303
3.9,176,173,1,8,7,4,3,88,162,125.0,0,0,2,1,44.0,0,0,0,0,0,0,1,1,3999,3,4,0,132
3.6,178,174,4,1,33,14,3,60,102,81.0,0,0,16,1,169.0,1,0,0,0,0,1,0,0,4976,3,0,0,180
3.0,40,40,5,1,7,4,12,100,166,133.0,0,0,11,1,5.0,1,0,0,0,1,1,0,0,3313,3,3,0,295
3.4,190,59,1,8,30,13,3,55,99,77.0,0,0,5,0,24.0,0,0,0,0,0,1,1,0,3334,3,0,3,133
4.1,78,77,4,2,45,5,0,67,117,92.0,0,0,34,1,52.0,0,0,0,0,0,1,0,0,3266,3,4,0,179
3.8,30,12,1,2,7,4,3,92,150,121.0,0,0,16,0,24.0,0,0,0,0,0,0,0,0,1967,3,2,0,204
4.0,163,162,4,2,10,13,5,116,209,162.5,0,0,2,0,38.0,1,0,0,1,0,1,1,0,2473,3,2,0,31
3.9,161,156,2,5,45,5,10,38,82,60.0,0,0,32,1,73.0,0,0,0,0,0,0,0,0,2047,2,4,3,273
3.7,163,158,3,5,26,11,12,85,90,87.5,0,1,2,1,46.65587044534413,1,0,0,0,0,1,1,0,5970,3,2,0,194
4.4,85,138,0,1,18,13,12,62,119,90.5,0,0,12,0,5.0,1,0,0,1,0,0,0,0,1889,2,3,0,275
3.8,30,12,1,2,7,4,3,86,143,114.5,0,0,16,0,24.0,1,0,0,0,0,0,0,0,5126,3,2,0,204
3.8,182,176,4,2,53,22,5,93,149,121.0,0,0,2,1,24.0,1,0,0,1,0,1,1,0,2378,2,3,0,161
2.2,50,51,5,8,1,5,9,84,136,110.0,0,0,32,0,27.0,0,0,0,0,0,0,0,0,6683,3,2,3,304
2.9,124,119,3,2,7,4,12,60,123,91.5,0,0,16,1,46.65587044534413,0,0,0,0,0,0,1,0,4011,3,4,0,163
4.1,146,77,4,2,45,5,0,52,89,70.5,0,0,34,0,52.0,0,0,0,0,0,0,0,0,4797,3,4,0,179
3.7,93,51,5,1,10,13,12,48,93,70.5,0,0,15,0,46.65587044534413,0,0,0,0,0,1,1,0,3696,3,4,0,214
3.8,154,149,2,3,17,19,10,56,97,76.5,0,0,35,1,55.0,1,0,0,0,0,0,0,0,6474,0,3,3,216
3.6,178,174,4,1,33,14,3,65,119,92.0,0,0,16,1,169.0,1,0,0,1,0,0,1,0,2967,3,1,0,180
4.7,160,155,6,1,7,4,1,108,173,140.5,0,0,33,1,7.0,1,0,0,0,1,0,0,0,4854,0,2,0,241
3.5,10,144,2,1,10,13,0,63,101,82.0,0,0,34,0,51.0,1,0,0,0,0,1,0,0,4233,3,2,1,111
3.3,157,152,1,4,28,12,10,54,115,84.5,0,0,25,1,6.0,0,0,0,0,0,0,0,0,3693,0,0,0,247
4.4,30,27,3,2,7,4,4,90,179,134.5,0,0,16,1,7.0,0,0,0,0,0,0,0,0,4464,3,4,0,250
3.3,163,158,3,1,1,5,12,127,202,164.5,0,0,2,1,12.0,0,0,0,0,0,0,0,0,1707,3,2,0,256
3.4,192,188,3,2,52,22,9,31,57,44.0,0,0,7,1,29.0,0,0,0,0,0,0,0,0,2312,3,0,0,253
4.0,9,4,6,1,10,13,8,60,127,93.5,0,0,17,1,18.0,0,0,0,0,0,0,1,0,4674,2,2,0,76
4.4,78,138,0,1,18,13,12,75,143,109.0,0,0,34,0,5.0,1,0,0,1,0,0,0,0,2378,3,1,0,275
3.8,17,145,5,1,10,13,12,105,194,149.5,0,0,32,0,10.0,0,0,0,1,1,0,0,0,3331,2,1,3,282
3.5,190,185,2,1,45,5,12,45,86,65.5,0,0,5,1,13.0,0,0,0,1,1,1,1,0,4636,3,1,0,103
3.5,36,37,2,2,33,14,12,95,154,124.5,0,0,21,1,3.0,1,0,0,1,0,0,1,0,3907,1,2,0,49
2.9,164,117,6,1,1,5,12,80,148,114.0,0,0,2,0,22.0,1,0,0,1,0,1,0,0,3358,0,2,3,13
3.9,60,58,5,5,5,9,12,36,62,49.0,0,0,28,1,83.0,1,0,0,0,0,1,0,0,3999,3,0,3,73
3.3,157,152,1,4,28,12,10,54,115,84.5,0,0,25,1,6.0,0,0,0,0,0,0,0,0,3650,0,0,0,247
3.7,4,2,5,1,30,13,4,50,92,71.0,0,0,34,1,31.0,0,0,0,0,0,1,1,0,2685,2,0,3,53
3.6,26,174,4,1,33,14,3,67,135,101.0,0,0,16,0,169.0,0,0,0,0,0,0,0,0,4462,3,2,0,180
3.5,151,144,2,1,10,13,0,82,132,107.0,0,0,2,1,51.0,1,0,0,1,1,0,0,0,5044,3,3,1,111
4.7,86,83,3,1,7,4,12,85,140,112.5,0,0,16,1,46.0,1,0,0,0,0,0,1,0,2187,2,2,3,202
3.9,163,158,3,1,34,13,2,138,224,181.0,0,0,2,1,13.0,1,0,0,1,0,1,0,0,2037,3,1,2,290
3.7,40,40,1,2,10,13,7,42,80,61.0,0,0,11,1,92.0,1,0,0,1,0,1,0,0,5839,3,0,3,192
4.1,118,111,6,1,34,13,9,190,220,205.0,0,0,2,1,10.0,1,0,0,1,1,1,0,0,4077,3,1,3,87
3.1,132,192,4,1,14,15,3,68,139,103.5,0,0,14,0,145.0,0,0,0,0,0,0,0,0,5244,0,4,0,245
3.6,178,174,4,1,33,14,3,34,92,63.0,0,0,16,1,169.0,0,0,0,0,0,0,1,0,5699,3,2,0,180
3.0,77,15,1,2,30,13,3,54,71,62.5,0,0,4,0,39.0,0,0,0,0,0,0,1,0,3509,3,4,3,155
3.5,130,126,5,1,28,12,12,65,124,94.5,0,0,2,1,7.0,1,0,0,1,1,1,1,0,5825,3,2,0,15
3.6,79,78,2,1,24,3,4,35,62,48.5,0,0,2,1,34.0,0,0,1,0,0,1,1,0,4644,0,0,0,258
3.5,108,103,2,1,7,4,0,109,200,154.5,0,0,16,1,10.0,1,0,0,0,0,0,1,1,4538,3,4,3,283
4.0,29,5,2,4,28,12,9,36,50,43.0,1,0,32,0,43.0,0,0,0,0,1,0,0,0,5215,2,4,0,296
3.7,97,40,5,2,50,9,10,61,113,87.0,0,0,13,0,47.0,1,0,0,0,0,1,1,0,2905,2,3,0,64
2.4,82,61,5,1,23,15,4,39,66,52.5,0,0,11,0,46.65587044534413,0,0,0,0,0,0,0,0,2455,2,4,0,291
3.2,122,117,5,1,45,5,12,43,86,64.5,0,0,25,1,17.0,1,0,0,0,1,1,1,0,2957,3,2,3,143
2.1,46,44,3,2,7,4,6,74,149,111.5,0,0,2,1,46.65587044534413,0,0,0,0,0,0,1,0,4378,0,4,0,69
3.7,30,124,1,2,7,4,3,113,196,154.5,0,0,16,0,239.0,0,0,0,1,1,1,1,0,6892,0,2,3,289
2.6,141,136,5,0,9,8,12,81,167,124.0,0,0,28,1,36.0,0,0,0,0,0,0,0,0,5421,3,3,0,270
4.4,40,40,3,1,12,5,9,97,160,128.5,0,0,11,1,12.0,1,0,0,0,1,1,1,0,3206,3,2,0,182
3.7,186,181,5,4,28,12,4,48,78,63.0,1,0,3,1,54.0,0,0,0,0,0,0,0,0,1967,2,4,0,321
3.5,171,167,5,5,28,12,10,42,86,64.0,0,0,2,1,24.0,0,0,0,0,0,1,0,0,3901,0,4,0,66
3.0,92,87,1,1,25,21,3,69,127,98.0,0,0,31,1,62.0,1,0,0,0,0,1,0,0,2177,2,4,3,227
4.2,163,158,6,1,18,13,12,110,175,142.5,0,0,2,1,10.0,0,0,0,0,0,0,0,0,3872,2,3,0,207
3.9,122,28,1,2,7,4,3,102,172,137.0,0,0,25,0,107.0,1,0,0,0,0,0,0,0,3197,3,2,3,28
4.0,53,51,5,5,33,14,10,74,124,99.0,0,0,3,1,105.0,1,0,0,0,1,1,0,0,4752,3,1,0,228
3.3,116,108,5,1,23,15,12,40,68,54.0,0,0,36,1,56.0,0,0,0,0,0,0,0,0,2855,0,4,0,219
4.4,120,114,2,1,10,13,0,108,171,139.5,0,0,16,1,36.0,1,0,0,0,0,1,0,1,2537,2,4,0,181
3.4,158,147,3,1,30,13,6,76,142,109.0,0,0,17,0,21.0,0,0,0,0,1,0,0,0,3705,3,1,0,188
3.3,40,22,1,1,33,14,3,202,306,254.0,0,0,11,0,108.0,1,0,1,0,0,0,0,0,4500,0,4,3,171
2.9,176,158,3,8,7,4,12,49,97,73.0,0,0,2,0,8.0,0,0,0,0,0,0,0,0,3761,0,4,3,29
2.7,158,153,3,1,7,4,6,49,113,81.0,0,0,17,1,59.0,0,0,0,0,0,0,1,0,3809,3,4,0,12
3.6,114,90,2,5,28,12,4,42,68,55.0,1,0,6,0,85.0,0,0,0,0,0,0,0,0,2840,2,4,0,38
3.1,195,192,4,1,14,15,3,65,134,99.5,0,0,21,1,145.0,0,0,0,0,0,0,1,0,7209,0,4,0,245
3.3,153,148,5,1,33,14,10,32,59,45.5,0,0,26,1,31.0,0,0,0,0,0,0,0,0,2895,3,4,0,198
4.5,85,82,6,1,12,5,6,87,158,122.5,0,0,12,1,24.0,1,0,0,1,1,1,0,0,2331,3,3,0,191
3.9,40,40,4,2,21,9,0,107,173,140.0,0,0,11,1,52.0,1,0,1,0,0,1,1,0,5374,0,0,0,310
3.2,75,13,4,5,20,10,0,56,99,77.5,0,0,34,0,62.0,0,0,0,0,0,0,0,0,3299,3,4,3,177
3.3,30,27,0,1,11,6,12,50,56,53.0,1,1,16,1,44.0,0,0,0,0,0,0,1,0,1866,2,4,0,185
3.1,195,192,4,1,14,15,3,80,155,117.5,0,0,21,1,145.0,0,0,0,0,0,0,1,0,7444,0,4,0,245
2.4,162,157,5,1,7,4,9,43,98,70.5,0,0,2,1,14.0,0,0,0,0,0,0,0,0,3401,0,4,0,89
4.8,163,158,6,1,10,13,6,45,78,61.5,0,0,2,1,9.0,0,0,0,0,0,1,1,0,3721,3,4,0,145
2.9,88,110,2,1,7,4,12,44,96,70.0,0,0,25,0,5.0,0,0,0,0,0,0,1,0,4755,0,4,0,234
2.9,107,110,2,1,7,4,12,50,110,80.0,0,0,8,0,5.0,0,0,0,0,0,0,1,0,4654,0,4,0,234
3.4,148,142,2,1,33,14,4,61,119,90.0,0,0,16,1,32.0,0,0,0,1,0,1,1,0,2786,3,1,0,23
3.7,30,161,7,1,26,11,12,100,140,120.0,0,1,16,0,46.65587044534413,0,0,0,0,0,0,1,0,3334,0,4,0,165
2.6,141,136,5,0,9,8,12,56,91,73.5,0,0,28,1,36.0,0,0,0,0,0,0,1,0,3107,0,3,0,270
3.8,62,62,5,8,1,5,12,68,114,91.0,0,0,7,1,36.0,1,0,0,0,0,1,1,0,2953,3,2,0,335
5.0,190,2,7,1,18,13,12,150,160,155.0,0,1,5,0,46.65587044534413,0,0,0,0,1,0,1,0,3239,2,2,0,32
3.6,26,174,4,1,33,14,3,101,158,129.5,0,0,16,0,169.0,1,0,0,1,1,1,1,0,4671,3,2,0,180
4.0,122,117,1,2,7,4,3,125,210,167.5,0,0,25,1,171.0,0,0,0,0,1,0,1,0,4953,3,2,0,225
3.8,72,73,2,2,5,9,0,43,77,60.0,0,0,36,1,150.0,0,0,0,0,1,0,1,0,4150,3,0,3,25
3.9,28,26,6,1,21,9,9,139,221,180.0,0,0,2,1,11.0,1,0,0,0,0,1,1,0,3233,3,2,0,334
3.8,122,117,2,1,56,24,5,44,86,65.0,0,0,25,1,18.0,0,0,1,0,0,1,1,0,2525,2,0,3,121
4.3,57,47,4,1,10,13,0,78,147,112.5,0,0,21,0,30.0,1,0,0,1,1,0,0,0,4614,3,2,3,134
1.9,122,117,3,1,15,21,4,65,110,87.5,0,0,25,1,10.0,1,0,1,0,0,1,1,0,4591,3,0,3,190
3.3,85,22,1,1,33,14,3,37,66,51.5,0,0,12,0,108.0,1,0,0,0,0,1,1,0,4370,3,4,3,171
4.7,43,183,6,1,3,5,2,38,64,51.0,0,0,2,0,48.0,0,0,0,0,0,0,1,0,4265,3,4,0,235
3.1,26,102,1,1,5,9,3,43,82,62.5,0,0,16,0,164.0,1,0,1,0,0,1,1,1,3339,3,2,0,259
3.4,34,68,5,2,28,12,12,90,110,100.0,0,0,1,0,39.0,0,0,1,0,0,1,0,0,3923,3,4,0,305
4.4,35,185,6,1,30,13,12,61,109,85.0,0,0,34,0,16.0,1,0,1,1,1,0,0,0,2893,2,1,0,33
3.9,131,127,3,1,10,13,12,93,151,122.0,0,0,7,1,8.0,1,0,0,0,1,0,0,1,5698,2,4,0,176
3.9,40,85,5,1,18,13,4,52,81,66.5,0,0,11,0,25.0,1,0,1,0,0,1,0,0,4806,3,4,0,107
4.7,44,43,2,1,37,9,12,40,101,70.5,0,0,20,1,18.0,0,0,0,1,0,1,1,0,2751,2,2,0,325
4.7,17,10,6,1,46,5,2,97,180,138.5,0,0,32,1,10.0,1,0,0,1,0,1,0,0,4916,1,2,0,231
3.4,26,93,2,1,12,5,4,81,134,107.5,0,0,16,0,77.0,0,0,0,1,0,1,1,0,8882,3,2,3,215
3.8,30,27,5,2,7,4,9,84,157,120.5,0,0,16,1,12.0,0,0,1,0,0,0,0,0,2723,3,4,0,14
2.7,158,153,3,1,7,4,6,49,113,81.0,0,0,17,1,59.0,0,0,0,0,0,0,0,0,4767,3,4,0,12
3.1,132,192,4,1,14,15,3,68,139,103.5,0,0,14,0,145.0,0,0,0,0,0,0,0,0,5231,0,4,0,245
3.4,40,40,2,2,55,23,5,75,140,107.5,0,0,11,1,15.0,0,0,0,0,0,1,0,0,4335,3,1,3,105
4.0,163,107,2,1,34,13,12,121,203,162.0,0,0,2,0,13.0,1,0,0,1,1,0,1,0,4024,3,2,2,137
3.5,151,144,2,1,10,13,0,52,85,68.5,0,0,2,1,51.0,1,0,0,1,0,0,1,0,3447,3,3,1,111
3.4,194,117,1,2,33,14,7,81,140,110.5,0,0,26,0,42.0,0,0,0,0,0,1,1,0,1735,2,2,3,27
3.7,137,50,1,2,31,15,3,63,99,81.0,0,0,11,0,95.0,0,0,0,0,0,0,0,0,2769,3,0,3,62
4.3,40,40,2,2,43,20,5,110,150,130.0,0,0,11,1,27.0,1,0,0,1,0,1,1,0,9165,3,2,3,110
3.7,54,52,3,8,33,14,4,83,148,115.5,0,0,9,1,46.65587044534413,1,0,0,0,0,1,1,0,6633,0,1,0,117
3.8,154,149,2,3,17,19,10,60,101,80.5,0,0,35,1,55.0,0,0,0,0,0,0,0,0,5236,0,2,3,216
4.6,33,32,5,1,37,9,4,31,55,43.0,0,0,9,1,28.0,0,0,0,0,0,1,1,0,4377,3,0,0,140
4.4,30,27,3,2,7,4,12,102,178,140.0,0,0,16,1,17.0,0,0,0,0,0,0,1,0,5494,0,4,0,8
3.7,30,161,7,1,26,11,12,110,130,120.0,0,1,16,0,46.65587044534413,0,0,0,0,0,0,0,0,3239,3,4,0,165
3.0,139,134,4,1,33,14,7,48,85,66.5,0,0,28,1,37.0,0,0,1,0,0,1,1,0,3787,3,0,3,17
4.7,163,96,6,1,49,5,1,66,123,94.5,0,0,2,0,14.0,1,0,0,0,1,0,0,0,1534,3,1,0,278
3.8,173,149,2,3,17,19,10,92,146,119.0,0,0,35,0,55.0,0,0,0,0,0,0,0,0,5234,0,2,3,216
3.2,129,56,1,5,28,12,3,42,58,50.0,1,0,22,0,24.0,0,0,0,0,0,0,0,0,1885,2,4,2,63
2.7,119,131,4,2,22,9,5,20,34,27.0,1,0,31,0,20.0,0,0,0,0,0,0,1,0,4349,3,0,0,118
3.3,40,22,1,1,33,14,3,150,239,194.5,0,0,11,0,108.0,1,0,1,0,0,0,0,0,3967,3,2,3,171
3.9,161,156,2,5,45,5,10,52,91,71.5,0,0,32,1,73.0,1,0,0,0,1,1,1,0,2353,3,4,3,273
3.7,17,10,5,0,9,8,12,82,129,105.5,0,0,32,1,46.65587044534413,1,0,0,0,1,0,0,1,8876,2,2,0,22
3.1,195,192,4,1,14,15,3,47,101,74.0,0,0,21,1,145.0,0,0,0,0,0,0,1,0,6106,3,4,0,245
3.7,84,184,1,2,2,1,3,49,76,62.5,0,0,0,0,98.0,0,0,0,0,0,0,1,1,4820,0,0,0,240
4.3,57,146,2,5,45,5,10,43,88,65.5,0,0,21,0,62.0,0,0,1,0,0,0,0,0,2287,3,4,3,238
3.6,63,63,2,1,1,5,12,124,199,161.5,0,0,23,1,31.0,1,0,0,0,1,1,1,0,5189,0,2,0,288
2.1,24,20,2,6,7,4,4,52,93,72.5,0,0,28,1,17.0,0,0,0,0,0,1,1,0,1402,3,0,2,318
3.9,163,158,6,2,10,13,2,97,181,139.0,0,0,2,1,12.0,1,0,0,0,1,0,1,0,4951,2,2,0,122
3.9,163,158,3,1,34,13,2,100,173,136.5,0,0,2,1,13.0,0,0,0,0,0,1,0,0,3494,3,2,2,290
3.8,122,117,2,1,56,24,5,53,96,74.5,0,0,25,1,18.0,1,0,0,1,0,0,0,0,3212,2,2,3,121
3.1,195,192,4,1,14,15,3,65,96,80.5,0,0,21,1,145.0,0,0,1,0,0,0,1,0,5815,0,4,0,245
3.5,3,72,4,2,7,4,0,56,95,75.5,0,0,24,0,150.0,1,0,0,0,0,0,1,1,3590,3,2,0,261
4.7,159,154,6,1,30,13,12,111,176,143.5,0,0,20,1,4.0,1,0,0,1,0,1,0,0,5065,2,2,2,1
5.0,180,6,6,1,2,1,2,75,127,101.0,0,0,34,0,6.0,1,0,1,0,0,1,0,0,2746,2,2,0,249
3.6,178,174,4,1,33,14,3,65,119,92.0,0,0,16,1,169.0,1,0,0,1,0,0,1,0,2967,3,1,0,180
3.8,154,149,2,3,17,19,10,56,97,76.5,0,0,35,1,55.0,1,0,0,0,0,0,0,0,6474,0,3,3,216
4.7,160,155,6,1,7,4,1,108,173,140.5,0,0,33,1,7.0,1,0,0,0,1,0,0,0,4854,0,2,0,241
3.6,89,117,1,2,35,9,3,94,139,116.5,0,0,23,0,208.0,0,0,0,0,0,1,1,0,4002,3,2,0,74
4.7,163,159,5,8,10,13,12,176,289,232.5,0,0,2,0,21.0,1,0,0,0,0,1,0,0,3886,0,2,0,255
3.5,163,158,6,1,18,13,12,92,149,120.5,0,0,2,1,4.0,1,0,0,0,0,1,0,0,2312,3,2,0,263
3.5,10,144,2,1,10,13,0,63,101,82.0,0,0,34,0,51.0,1,0,0,0,0,1,0,0,4233,3,2,1,111
3.3,157,152,1,4,28,12,10,54,115,84.5,0,0,25,1,6.0,0,0,0,0,0,0,0,0,3693,0,0,0,247
2.7,58,113,1,2,30,13,12,118,188,153.0,0,0,2,0,13.0,1,0,0,1,1,1,0,0,7057,3,2,0,70
3.4,133,128,5,1,34,13,12,108,146,127.0,0,0,2,1,12.0,1,0,0,1,0,1,0,0,3397,3,3,0,178
4.7,168,164,6,1,10,13,12,65,106,85.5,0,0,2,1,10.0,1,0,0,1,0,1,1,0,3782,3,2,0,144
2.8,32,31,2,2,59,5,0,55,98,76.5,0,0,25,1,44.0,1,0,1,0,0,1,1,0,3053,3,2,0,0
3.5,122,158,2,8,51,16,10,94,162,128.0,0,0,25,0,28.0,1,0,0,1,0,1,0,0,4209,2,2,3,54
3.2,91,34,0,1,49,5,8,63,120,91.5,0,0,28,0,46.65587044534413,1,0,0,1,1,1,1,0,1510,2,1,0,206
4.4,30,27,3,2,7,4,4,90,179,134.5,0,0,16,1,7.0,0,0,0,0,0,0,0,0,4464,3,4,0,250
3.3,163,158,3,1,1,5,12,127,202,164.5,0,0,2,1,12.0,0,0,0,0,0,0,0,0,1707,3,2,0,256
4.0,9,4,6,1,10,13,8,60,127,93.5,0,0,17,1,18.0,0,0,0,0,0,0,1,0,4674,2,2,0,76
3.4,192,188,3,2,52,22,9,31,57,44.0,0,0,7,1,29.0,0,0,0,0,0,0,0,0,2312,3,0,0,253
3.8,17,145,5,1,10,13,12,105,194,149.5,0,0,32,0,10.0,0,0,0,1,1,0,0,0,3331,2,1,3,282
3.5,190,185,2,1,45,5,12,45,86,65.5,0,0,5,1,13.0,0,0,0,1,1,1,1,0,4636,3,1,0,103
4.4,78,138,0,1,18,13,12,75,143,109.0,0,0,34,0,5.0,1,0,0,1,0,0,0,0,2378,3,1,0,275
3.7,118,111,2,8,10,13,9,126,228,177.0,0,0,2,1,32.0,1,0,0,1,1,1,0,0,3249,3,1,3,257
4.7,10,194,3,1,2,1,4,80,134,107.0,0,0,34,0,10.0,1,0,0,1,0,1,1,0,3736,2,2,0,286
4.1,169,165,5,1,18,13,12,120,189,154.5,0,0,2,1,8.0,1,0,0,1,0,0,1,0,4244,3,2,3,201
4.0,169,137,0,1,0,0,11,85,142,113.5,0,0,2,0,46.65587044534413,1,0,0,1,0,1,0,0,1040,2,1,0,175
3.5,36,37,2,2,33,14,12,95,154,124.5,0,0,21,1,3.0,1,0,0,1,0,0,1,0,3907,1,2,0,49
2.5,27,25,0,1,7,4,12,111,176,143.5,0,0,2,1,46.65587044534413,1,0,0,0,0,1,1,0,3931,3,2,1,59
3.9,163,11,0,1,30,13,11,87,140,113.5,0,0,2,0,46.65587044534413,1,0,0,0,0,1,0,0,2787,3,2,0,265
3.4,180,147,1,2,2,1,3,76,127,101.5,0,0,34,0,51.0,1,0,0,0,1,0,0,0,2930,0,2,0,170
3.6,122,23,1,8,27,15,5,54,92,73.0,0,0,25,0,85.0,0,0,0,0,1,1,1,0,6561,3,2,3,37
3.5,122,93,1,2,12,5,5,61,100,80.5,0,0,25,0,4.0,1,0,0,0,1,1,0,0,6513,3,1,2,149
3.7,122,120,7,1,26,11,12,81,140,110.5,0,0,25,0,46.65587044534413,1,0,0,0,0,1,0,0,1850,3,2,0,5
2.9,164,117,6,1,1,5,12,80,148,114.0,0,0,2,0,22.0,1,0,0,1,0,1,0,0,3358,0,2,3,13
3.5,65,30,6,1,29,7,8,108,171,139.5,0,0,2,0,46.65587044534413,1,0,0,0,0,1,0,0,1131,2,2,0,337
4.8,122,121,0,1,30,13,12,112,179,145.5,0,0,25,0,9.0,1,0,0,0,0,1,1,0,2191,3,2,0,292
4.0,122,117,3,1,37,9,4,63,111,87.0,0,0,25,1,13.0,0,0,0,0,0,0,1,0,2513,3,2,3,42
4.2,81,79,3,1,5,9,9,75,126,100.5,0,0,16,1,135.0,0,0,0,0,0,1,1,0,5066,3,2,0,222
3.8,122,129,1,2,18,13,3,110,184,147.0,0,0,25,0,53.0,1,0,1,1,0,1,1,1,5532,3,2,3,58
3.7,122,117,3,1,33,14,4,76,145,110.5,0,0,25,1,106.0,1,0,0,0,0,1,1,0,1539,2,2,3,129
3.9,60,58,5,5,5,9,12,36,62,49.0,0,0,28,1,83.0,1,0,0,0,0,1,0,0,3999,3,0,3,73
4.6,189,105,6,1,12,5,8,70,118,94.0,0,0,16,0,46.65587044534413,1,0,0,1,1,1,0,0,3011,3,2,0,83
4.3,122,117,2,2,18,13,10,94,153,123.5,0,0,25,1,21.0,1,0,0,0,1,1,0,0,4848,3,2,1,186
3.3,157,152,1,4,28,12,10,54,115,84.5,0,0,25,1,6.0,0,0,0,0,0,0,0,0,3650,0,0,0,247
3.7,4,2,5,1,30,13,4,50,92,71.0,0,0,34,1,31.0,0,0,0,0,0,1,1,0,2685,2,0,3,53
4.0,48,128,1,2,10,13,12,49,97,73.0,0,0,27,0,81.0,0,0,0,0,0,1,0,0,2216,3,2,0,146
3.6,26,174,4,1,33,14,3,67,135,101.0,0,0,16,0,169.0,0,0,0,0,0,0,0,0,4462,3,2,0,180
3.9,163,158,3,1,34,13,2,138,224,181.0,0,0,2,1,13.0,1,0,0,1,0,1,0,0,2037,3,1,2,290
3.7,162,60,1,2,2,1,3,80,139,109.5,0,0,2,0,81.0,0,0,0,0,0,1,1,0,4495,2,1,0,203
3.7,21,66,1,2,30,13,3,158,211,184.5,0,0,35,0,62.0,1,0,1,0,0,1,1,0,7325,0,2,3,327
3.9,122,117,3,1,18,13,12,150,180,165.0,0,0,25,1,6.0,1,0,0,0,0,0,0,0,4840,3,2,0,236
3.7,40,40,1,2,10,13,7,42,80,61.0,0,0,11,1,92.0,1,0,0,1,0,1,0,0,5839,3,0,3,192
4.1,118,111,6,1,34,13,9,190,220,205.0,0,0,2,1,10.0,1,0,0,1,1,1,0,0,4077,3,1,3,87
3.1,122,117,2,7,36,8,4,42,77,59.5,0,0,25,1,14.0,1,0,0,0,0,1,1,0,4375,0,0,0,280
3.1,132,192,4,1,14,15,3,68,139,103.5,0,0,14,0,145.0,0,0,0,0,0,0,0,0,5244,0,4,0,245
3.0,77,15,1,2,30,13,3,54,71,62.5,0,0,4,0,39.0,0,0,0,0,0,0,1,0,3509,3,4,3,155
3.6,178,174,4,1,33,14,3,34,92,63.0,0,0,16,1,169.0,0,0,0,0,0,0,1,0,5699,3,2,0,180
3.6,122,117,0,1,28,12,2,47,85,66.0,0,0,25,1,40.0,0,0,0,0,0,0,1,0,2323,2,0,2,7
3.5,130,126,5,1,28,12,12,65,124,94.5,0,0,2,1,7.0,1,0,0,1,1,1,1,0,5825,3,2,0,15
4.2,122,117,6,1,16,8,12,56,95,75.5,0,0,25,1,8.0,1,0,0,0,1,1,0,0,4391,3,3,3,115
4.0,61,95,5,2,2,1,4,62,112,87.0,0,0,34,0,66.0,1,0,0,0,0,0,0,1,3160,3,3,2,193
3.9,70,28,1,2,7,4,3,107,173,140.0,0,0,17,0,107.0,1,0,0,0,0,0,1,0,4611,3,2,3,28
3.7,175,147,3,1,30,13,6,64,108,86.0,0,0,17,0,14.0,1,0,1,0,0,0,1,1,6683,3,2,0,50
4.4,133,128,0,1,34,13,12,89,144,116.5,0,0,2,1,8.0,1,0,0,0,0,1,0,0,1225,3,2,0,108
3.5,108,103,2,1,7,4,0,109,200,154.5,0,0,16,1,10.0,1,0,0,0,0,0,1,1,4538,3,4,3,283
3.7,97,40,5,2,50,9,10,61,113,87.0,0,0,13,0,47.0,1,0,0,0,0,1,1,0,2905,2,3,0,64
3.6,79,78,2,1,24,3,4,35,62,48.5,0,0,2,1,34.0,0,0,1,0,0,1,1,0,4644,0,0,0,258
3.4,83,84,5,1,30,13,0,55,105,80.0,0,0,32,0,18.0,1,0,0,1,0,1,1,0,7878,3,1,3,309
4.0,29,5,2,4,28,12,9,36,50,43.0,1,0,32,0,43.0,0,0,0,0,1,0,0,0,5215,2,4,0,296
2.4,82,61,5,1,23,15,4,39,66,52.5,0,0,11,0,46.65587044534413,0,0,0,0,0,0,0,0,2455,2,4,0,291
3.7,164,60,1,2,2,1,3,135,211,173.0,0,0,2,0,81.0,1,0,0,0,0,0,0,0,5942,0,2,0,203
3.5,140,29,5,1,7,4,12,57,80,68.5,0,0,1,0,23.0,1,0,0,1,0,0,0,0,1249,2,1,3,254
4.4,122,117,2,1,35,9,12,129,215,172.0,0,0,25,1,19.0,0,0,0,0,0,0,0,0,3251,3,2,0,315
3.3,26,22,1,1,33,14,3,86,143,114.5,0,0,16,1,108.0,1,0,0,0,0,0,0,0,4277,3,2,3,171
3.9,70,28,1,2,7,4,3,63,127,95.0,0,0,17,0,107.0,0,0,0,0,0,0,0,0,3135,3,4,3,28
3.2,20,13,4,5,20,10,0,50,89,69.5,0,0,16,1,62.0,1,0,1,0,0,1,1,1,4538,2,2,3,177
3.2,122,117,5,1,45,5,12,43,86,64.5,0,0,25,1,17.0,1,0,0,0,1,1,1,0,2957,3,2,3,143
2.1,46,44,3,2,7,4,6,74,149,111.5,0,0,2,1,46.65587044534413,0,0,0,0,0,0,1,0,4378,0,4,0,69
4.0,122,117,5,1,13,7,12,71,124,97.5,0,0,25,1,13.0,1,0,0,0,0,1,1,0,3458,3,2,2,279
3.7,30,124,1,2,7,4,3,113,196,154.5,0,0,16,0,239.0,0,0,0,1,1,1,1,0,6892,0,2,3,289
2.6,141,136,5,0,9,8,12,81,167,124.0,0,0,28,1,36.0,0,0,0,0,0,0,0,0,5421,3,3,0,270
3.4,122,123,3,1,28,12,12,69,121,95.0,0,0,25,0,9.0,1,0,0,1,1,1,0,0,3134,3,2,2,244
4.4,40,40,3,1,12,5,9,97,160,128.5,0,0,11,1,12.0,1,0,0,0,1,1,1,0,3206,3,2,0,182
3.2,163,158,5,8,18,13,12,150,238,194.0,0,0,2,1,14.0,0,0,0,0,1,0,1,0,4893,0,2,3,299
3.5,122,117,3,2,1,5,12,77,132,104.5,0,0,25,1,15.0,1,0,0,1,1,1,1,0,4170,3,2,0,88
3.7,186,181,5,4,28,12,4,48,78,63.0,1,0,3,1,54.0,0,0,0,0,0,0,0,0,1967,2,4,0,321
4.2,36,40,3,1,30,13,12,59,112,85.5,0,0,21,0,12.0,1,0,0,0,0,1,1,0,5226,3,1,0,75
4.2,160,155,1,5,44,18,12,35,65,50.0,0,0,33,1,46.65587044534413,0,0,0,0,1,1,1,0,4574,3,0,0,298
3.1,5,169,2,2,58,16,3,79,147,113.0,0,0,2,0,23.0,1,0,0,1,1,1,1,0,2447,3,2,3,195
3.9,30,24,1,2,7,4,3,62,119,90.5,0,0,16,0,190.0,0,0,0,0,1,0,0,0,5893,2,4,3,130
4.3,103,96,6,1,10,13,12,119,187,153.0,0,0,2,1,12.0,1,0,0,1,0,0,1,0,2119,3,2,1,120
3.3,56,54,2,2,12,5,5,90,157,123.5,0,0,2,1,32.0,0,0,1,0,0,1,1,0,7432,3,0,3,311
3.9,122,117,3,1,34,13,2,32,62,47.0,0,0,25,1,10.0,0,0,0,1,0,1,0,0,2492,0,0,0,267
3.5,171,167,5,5,28,12,10,42,86,64.0,0,0,2,1,24.0,0,0,0,0,0,1,0,0,3901,0,4,0,66
4.0,164,159,1,2,10,13,7,116,208,162.0,0,0,2,1,38.0,1,0,0,0,0,1,1,0,3895,2,2,2,11
3.9,122,28,1,2,7,4,3,102,172,137.0,0,0,25,0,107.0,1,0,0,0,0,0,0,0,3197,3,2,3,28
3.0,92,87,1,1,25,21,3,69,127,98.0,0,0,31,1,62.0,1,0,0,0,0,1,0,0,2177,2,4,3,227
3.7,11,196,1,2,32,14,3,86,144,115.0,0,0,25,0,157.0,1,0,0,0,0,1,1,1,4772,3,2,3,284
3.5,12,72,4,2,7,4,0,102,165,133.5,0,0,3,0,150.0,1,0,0,0,0,0,1,1,3602,3,2,0,261
4.0,53,51,5,5,33,14,10,74,124,99.0,0,0,3,1,105.0,1,0,0,0,1,1,0,0,4752,3,1,0,228
3.3,116,108,5,1,23,15,12,40,68,54.0,0,0,36,1,56.0,0,0,0,0,0,0,0,0,2855,0,4,0,219
3.2,67,82,2,1,28,12,12,76,142,109.0,0,0,31,0,16.0,0,0,0,0,1,0,1,0,1811,3,1,0,109
3.4,158,147,3,1,30,13,6,76,142,109.0,0,0,17,0,21.0,0,0,0,0,1,0,0,0,3705,3,1,0,188
4.4,120,114,2,1,10,13,0,108,171,139.5,0,0,16,1,36.0,1,0,0,0,0,1,0,1,2537,2,4,0,181
3.3,40,22,1,1,33,14,3,202,306,254.0,0,0,11,0,108.0,1,0,1,0,0,0,0,0,4500,0,4,3,171
3.2,122,117,2,1,10,13,12,91,159,125.0,0,0,25,1,45.0,1,0,0,0,1,1,1,0,3549,3,3,3,154
3.8,30,12,1,2,7,4,3,80,133,106.5,0,0,16,0,24.0,1,0,1,0,0,1,0,1,4086,3,2,0,204
2.9,176,158,3,8,7,4,12,49,97,73.0,0,0,2,0,8.0,0,0,0,0,0,0,0,0,3761,0,4,3,29
2.7,158,153,3,1,7,4,6,49,113,81.0,0,0,17,1,59.0,0,0,0,0,0,0,1,0,3809,3,4,0,12
3.6,114,90,2,5,28,12,4,42,68,55.0,1,0,6,0,85.0,0,0,0,0,0,0,0,0,2840,2,4,0,38
3.1,195,192,4,1,14,15,3,65,134,99.5,0,0,21,1,145.0,0,0,0,0,0,0,1,0,7209,0,4,0,245
3.3,153,148,5,1,33,14,10,32,59,45.5,0,0,26,1,31.0,0,0,0,0,0,0,0,0,2895,3,4,0,198
3.7,199,195,4,2,33,14,7,39,69,54.0,0,0,16,1,168.0,0,0,0,0,0,1,0,0,3841,3,0,0,303
4.5,85,82,6,1,12,5,6,87,158,122.5,0,0,12,1,24.0,1,0,0,1,1,1,0,0,2331,3,3,0,191
3.0,185,179,2,8,18,13,4,27,48,37.5,0,0,7,1,43.0,0,0,0,0,0,1,1,0,6255,0,0,3,141
3.8,122,117,2,1,56,24,5,36,71,53.5,0,0,25,1,18.0,1,0,0,0,0,1,1,0,2504,3,0,3,121
3.9,40,40,4,2,21,9,0,107,173,140.0,0,0,11,1,52.0,1,0,1,0,0,1,1,0,5374,0,0,0,310
3.2,75,13,4,5,20,10,0,56,99,77.5,0,0,34,0,62.0,0,0,0,0,0,0,0,0,3299,3,4,3,177
3.3,30,27,0,1,11,6,12,50,56,53.0,1,1,16,1,44.0,0,0,0,0,0,0,1,0,1866,2,4,0,185
3.1,195,192,4,1,14,15,3,80,155,117.5,0,0,21,1,145.0,0,0,0,0,0,0,1,0,7444,0,4,0,245
2.4,162,157,5,1,7,4,9,43,98,70.5,0,0,2,1,14.0,0,0,0,0,0,0,0,0,3401,0,4,0,89
2.9,88,110,2,1,7,4,12,44,96,70.0,0,0,25,0,5.0,0,0,0,0,0,0,1,0,4755,0,4,0,234
4.8,163,158,6,1,10,13,6,45,78,61.5,0,0,2,1,9.0,0,0,0,0,0,1,1,0,3721,3,4,0,145
2.9,107,110,2,1,7,4,12,50,110,80.0,0,0,8,0,5.0,0,0,0,0,0,0,1,0,4654,0,4,0,234
4.7,14,7,6,1,10,13,6,60,99,79.5,0,0,8,1,17.0,1,0,0,0,0,1,1,0,3123,3,2,0,213
4.7,118,111,5,1,10,13,4,130,206,168.0,0,0,2,1,6.0,1,0,0,0,0,1,1,1,3971,3,2,0,84
3.4,148,142,2,1,33,14,4,61,119,90.0,0,0,16,1,32.0,0,0,0,1,0,1,1,0,2786,3,1,0,23
3.7,30,161,7,1,26,11,12,100,140,120.0,0,1,16,0,46.65587044534413,0,0,0,0,0,0,1,0,3334,0,4,0,165
3.9,163,158,6,2,10,13,12,99,178,138.5,0,0,2,1,12.0,1,0,0,0,0,1,0,0,5777,3,0,0,172
3.6,143,55,1,2,7,4,5,86,137,111.5,0,0,28,0,3.0,0,0,0,0,0,0,0,0,5064,3,2,3,150
3.6,26,174,4,1,33,14,3,37,100,68.5,0,0,16,0,169.0,0,0,0,0,0,0,1,0,5071,3,2,0,180
3.9,30,24,1,2,7,4,3,58,111,84.5,0,0,16,0,190.0,0,0,0,0,1,0,0,0,6219,3,4,3,130
4.4,119,158,2,2,34,13,4,72,133,102.5,0,0,31,0,14.0,1,0,0,1,1,1,0,0,6167,3,1,3,112
2.6,141,136,5,0,9,8,12,56,91,73.5,0,0,28,1,36.0,0,0,0,0,0,0,1,0,3107,0,3,0,270
3.6,19,6,5,5,20,10,9,61,126,93.5,0,0,26,0,53.0,1,0,0,0,0,0,0,0,3710,0,3,0,246
3.2,7,34,0,1,49,5,8,95,160,127.5,0,0,28,0,46.65587044534413,0,0,0,0,0,0,1,0,1678,3,2,0,206
4.2,160,155,1,5,44,18,12,53,91,72.0,0,0,33,1,46.65587044534413,0,0,0,0,0,1,0,0,2861,3,0,0,298
3.6,26,174,4,1,33,14,3,101,158,129.5,0,0,16,0,169.0,1,0,0,1,1,1,1,0,4671,3,2,0,180
3.1,100,92,2,1,14,15,10,33,61,47.0,0,0,33,1,43.0,1,0,0,0,0,1,1,0,4433,0,0,3,153
3.8,22,18,5,8,13,7,12,44,86,65.0,0,0,0,1,6.0,1,0,0,1,1,1,1,0,3623,2,1,0,266
3.8,72,73,2,2,5,9,0,43,77,60.0,0,0,36,1,150.0,0,0,0,0,1,0,1,0,4150,3,0,3,25
4.0,122,117,1,2,7,4,3,125,210,167.5,0,0,25,1,171.0,0,0,0,0,1,0,1,0,4953,3,2,0,225
3.8,122,117,2,1,56,24,5,44,86,65.0,0,0,25,1,18.0,0,0,1,0,0,1,1,0,2525,2,0,3,121
4.0,78,104,5,1,18,13,4,69,119,94.0,0,0,34,0,8.0,1,0,0,0,0,1,0,0,4141,2,0,3,205
1.9,122,117,3,1,15,21,4,65,110,87.5,0,0,25,1,10.0,1,0,1,0,0,1,1,0,4591,3,0,3,190
4.0,152,104,5,1,18,13,4,67,127,97.0,0,0,34,0,8.0,1,0,0,1,1,1,0,0,6215,3,2,3,205
4.3,57,47,4,1,10,13,0,78,147,112.5,0,0,21,0,30.0,1,0,0,1,1,0,0,0,4614,3,2,3,134
3.6,26,174,4,1,33,14,3,66,117,91.5,0,0,16,0,169.0,0,0,0,1,1,1,1,0,4304,3,1,0,180
3.3,85,22,1,1,33,14,3,37,66,51.5,0,0,12,0,108.0,1,0,0,0,0,1,1,0,4370,3,4,3,171
3.8,30,12,1,2,7,4,3,86,143,114.5,0,0,16,0,24.0,0,0,0,0,0,0,0,0,1783,3,2,0,204
4.3,122,117,3,1,12,5,2,84,146,115.0,0,0,25,1,9.0,1,0,0,1,1,1,0,0,1409,2,2,0,317
3.2,138,34,0,1,49,5,8,50,98,74.0,0,0,28,0,46.65587044534413,1,0,0,0,1,1,0,0,1817,3,2,0,206
4.7,43,183,6,1,3,5,2,38,64,51.0,0,0,2,0,48.0,0,0,0,0,0,0,1,0,4265,3,4,0,235
3.4,34,68,5,2,28,12,12,90,110,100.0,0,0,1,0,39.0,0,0,1,0,0,1,0,0,3923,3,4,0,305
3.8,30,12,1,2,7,4,3,92,150,121.0,0,0,16,0,24.0,0,0,0,0,0,0,0,0,1949,3,2,0,204
4.5,163,158,3,1,10,13,4,90,153,121.5,0,0,2,1,14.0,0,0,0,0,0,1,0,0,3751,3,0,3,98
3.1,26,102,1,1,5,9,3,43,82,62.5,0,0,16,0,164.0,1,0,1,0,0,1,1,1,3339,3,2,0,259
3.9,131,127,3,1,10,13,12,93,151,122.0,0,0,7,1,8.0,1,0,0,0,1,0,0,1,5698,2,4,0,176
4.4,35,185,6,1,30,13,12,61,109,85.0,0,0,34,0,16.0,1,0,1,1,1,0,0,0,2893,2,1,0,33
3.4,172,35,5,1,30,13,9,42,79,60.5,0,0,1,0,18.0,1,0,0,1,1,1,0,0,1251,3,1,0,157
3.9,28,26,6,1,21,9,9,139,221,180.0,0,0,2,1,11.0,1,0,0,0,0,1,1,0,3233,3,2,0,334
4.7,44,43,2,1,37,9,12,40,101,70.5,0,0,20,1,18.0,0,0,0,1,0,1,1,0,2751,2,2,0,325
3.3,35,77,2,1,2,1,0,84,153,118.5,0,0,34,0,3.0,1,0,0,1,0,1,0,0,3455,3,1,0,223
3.9,40,85,5,1,18,13,4,52,81,66.5,0,0,11,0,25.0,1,0,1,0,0,1,0,0,4806,3,4,0,107
3.4,26,93,2,1,12,5,4,81,134,107.5,0,0,16,0,77.0,0,0,0,1,0,1,1,0,8882,3,2,3,215
4.7,17,10,6,1,46,5,2,97,180,138.5,0,0,32,1,10.0,1,0,0,1,0,1,0,0,4916,1,2,0,231
2.7,158,153,3,1,7,4,6,49,113,81.0,0,0,17,1,59.0,0,0,0,0,0,0,0,0,4767,3,4,0,12
3.8,23,19,2,1,33,14,5,44,73,58.5,0,0,11,1,95.0,1,0,0,1,0,1,1,0,2348,0,2,3,56
3.4,40,40,2,2,55,23,5,75,140,107.5,0,0,11,1,15.0,0,0,0,0,0,1,0,0,4335,3,1,3,105
3.8,30,27,5,2,7,4,9,84,157,120.5,0,0,16,1,12.0,0,0,1,0,0,0,0,0,2723,3,4,0,14
3.9,163,158,3,1,34,13,2,40,87,63.5,0,0,2,1,13.0,1,0,0,1,0,1,0,0,2365,3,3,2,290
3.1,132,192,4,1,14,15,3,68,139,103.5,0,0,14,0,145.0,0,0,0,0,0,0,0,0,5231,0,4,0,245
4.1,69,191,4,2,10,13,0,72,142,107.0,0,0,2,0,39.0,1,0,0,0,0,0,1,1,3401,3,2,3,187
3.7,180,190,4,2,2,1,5,74,137,105.5,0,0,34,0,46.65587044534413,1,0,0,1,0,1,0,0,2707,2,1,0,183
2.8,162,157,5,1,33,14,10,57,109,83.0,0,0,2,1,48.0,0,0,0,0,0,1,0,0,3880,3,1,3,148
4.0,163,107,2,1,34,13,12,121,203,162.0,0,0,2,0,13.0,1,0,0,1,1,0,1,0,4024,3,2,2,137
3.5,151,144,2,1,10,13,0,52,85,68.5,0,0,2,1,51.0,1,0,0,1,0,0,1,0,3447,3,3,1,111
3.4,194,117,1,2,33,14,7,81,140,110.5,0,0,26,0,42.0,0,0,0,0,0,1,1,0,1735,2,2,3,27
3.7,54,52,3,8,33,14,4,83,148,115.5,0,0,9,1,46.65587044534413,1,0,0,0,0,1,1,0,6633,0,1,0,117
3.0,2,1,5,2,7,4,12,59,116,87.5,0,0,2,1,26.0,0,0,0,0,0,0,1,0,4637,2,4,3,116
3.8,154,149,2,3,17,19,10,60,101,80.5,0,0,35,1,55.0,0,0,0,0,0,0,0,0,5236,0,2,3,216
4.6,33,32,5,1,37,9,4,31,55,43.0,0,0,9,1,28.0,0,0,0,0,0,1,1,0,4377,3,0,0,140
4.4,30,27,3,2,7,4,12,102,178,140.0,0,0,16,1,17.0,0,0,0,0,0,0,1,0,5494,0,4,0,8
4.0,30,117,1,2,7,4,3,136,208,172.0,0,0,16,0,171.0,0,0,0,0,1,0,0,0,5734,3,4,0,225
3.7,30,161,7,1,26,11,12,110,130,120.0,0,1,16,0,46.65587044534413,0,0,0,0,0,0,0,0,3239,3,4,0,165
3.0,139,134,4,1,33,14,7,48,85,66.5,0,0,28,1,37.0,0,0,1,0,0,1,1,0,3787,3,0,3,17
3.0,2,1,5,2,7,4,12,71,129,100.0,0,0,2,1,26.0,0,0,0,0,0,0,1,0,7844,3,4,3,116
4.7,163,96,6,1,49,5,1,66,123,94.5,0,0,2,0,14.0,1,0,0,0,1,0,0,0,1534,3,1,0,278
4.2,163,158,5,1,28,12,12,171,272,221.5,0,0,2,1,9.0,1,0,0,0,0,1,1,0,4997,3,2,0,139
3.8,173,149,2,3,17,19,10,92,146,119.0,0,0,35,0,55.0,0,0,0,0,0,0,0,0,5234,0,2,3,216
3.5,40,40,3,1,12,5,9,65,126,95.5,0,0,11,1,25.0,1,0,0,0,0,1,0,0,3152,3,4,0,252
3.3,40,22,1,1,33,14,3,150,239,194.5,0,0,11,0,108.0,1,0,1,0,0,0,0,0,3967,3,2,3,171
3.2,129,56,1,5,28,12,3,42,58,50.0,1,0,22,0,24.0,0,0,0,0,0,0,0,0,1885,2,4,2,63
2.7,119,131,4,2,22,9,5,20,34,27.0,1,0,31,0,20.0,0,0,0,0,0,0,1,0,4349,3,0,0,118
3.3,89,117,2,1,8,9,0,118,228,173.0,0,0,23,0,47.0,1,0,0,0,0,1,1,1,4224,0,0,0,95
3.7,17,10,5,0,9,8,12,82,129,105.5,0,0,32,1,46.65587044534413,1,0,0,0,1,0,0,1,8876,2,2,0,22
3.9,161,156,2,5,45,5,10,52,91,71.5,0,0,32,1,73.0,1,0,0,0,1,1,1,0,2353,3,4,3,273
3.1,195,192,4,1,14,15,3,47,101,74.0,0,0,21,1,145.0,0,0,0,0,0,0,1,0,6106,3,4,0,245
3.7,84,184,1,2,2,1,3,49,76,62.5,0,0,0,0,98.0,0,0,0,0,0,0,1,1,4820,0,0,0,240
4.3,57,146,2,5,45,5,10,43,88,65.5,0,0,21,0,62.0,0,0,1,0,0,0,0,0,2287,3,4,3,238
3.8,47,45,1,2,48,21,7,61,109,85.0,0,0,28,1,72.0,1,0,0,0,0,1,0,0,2527,3,2,3,93
3.9,70,28,1,2,7,4,3,113,182,147.5,0,0,17,0,107.0,1,0,0,0,0,0,1,0,4529,0,2,3,28
3.6,63,63,2,1,1,5,12,124,199,161.5,0,0,23,1,31.0,1,0,0,0,1,1,1,0,5189,0,2,0,288
3.7,156,151,1,5,28,12,0,58,104,81.0,0,0,34,1,121.0,0,0,0,0,0,0,1,0,2973,3,4,0,60
2.1,24,20,2,6,7,4,4,52,93,72.5,0,0,28,1,17.0,0,0,0,0,0,1,1,0,1402,3,0,2,318
3.9,163,158,6,2,10,13,2,97,181,139.0,0,0,2,1,12.0,1,0,0,0,1,0,1,0,4951,2,2,0,122
3.9,163,158,3,1,34,13,2,100,173,136.5,0,0,2,1,13.0,0,0,0,0,0,1,0,0,3494,3,2,2,290
3.2,122,117,3,1,34,13,12,58,108,83.0,0,0,25,1,12.0,1,0,0,1,0,1,1,0,2719,3,1,0,101
4.6,30,27,6,8,45,5,8,81,161,121.0,0,0,16,1,29.0,0,0,0,0,1,0,1,0,3738,0,3,3,189
3.8,122,117,2,1,56,24,5,53,96,74.5,0,0,25,1,18.0,1,0,0,1,0,0,0,0,3212,2,2,3,121
2.2,163,158,5,1,6,21,12,61,110,85.5,0,0,2,1,18.0,0,0,0,0,0,0,1,0,4438,3,0,0,248
3.1,195,192,4,1,14,15,3,65,96,80.5,0,0,21,1,145.0,0,0,1,0,0,0,1,0,5815,0,4,0,245
4.6,30,27,6,8,45,5,8,115,220,167.5,0,0,16,1,29.0,0,0,0,0,0,0,0,0,3200,0,4,3,189
2.6,141,136,5,0,9,8,12,71,144,107.5,0,0,28,1,36.0,1,0,0,0,0,1,0,0,2030,3,3,0,270
3.4,173,168,5,5,47,18,6,32,57,44.5,0,0,35,1,41.0,0,0,0,0,1,1,1,0,4137,3,0,0,92
3.3,71,11,2,1,28,12,10,79,136,107.5,0,0,17,0,131.0,0,0,0,0,0,1,0,0,2636,3,0,3,159
3.7,30,161,7,1,26,11,12,120,145,132.5,0,1,16,0,46.65587044534413,0,0,0,0,0,0,0,0,3111,0,4,0,165
3.7,139,133,3,1,28,12,10,50,89,69.5,0,0,28,0,26.0,0,0,1,0,0,1,1,0,1907,3,0,0,81
3.5,115,159,1,2,10,13,3,68,129,98.5,0,0,2,0,50.0,1,0,0,1,1,1,0,0,4007,3,2,2,331
2.7,158,153,3,1,7,4,6,48,113,80.5,0,0,17,1,59.0,0,0,0,0,0,0,1,0,3598,2,4,0,12
3.8,191,186,6,1,7,4,2,54,94,74.0,1,0,16,1,12.0,0,0,0,0,0,0,1,0,3781,0,4,0,119
3.7,31,184,1,2,2,1,3,74,124,99.0,0,0,17,0,98.0,1,0,0,0,0,1,0,0,4478,3,3,0,240
3.8,30,27,5,2,7,4,9,68,125,96.5,0,0,16,1,12.0,0,0,0,0,0,0,1,0,4533,3,4,0,14
3.3,26,22,1,1,33,14,3,39,67,53.0,0,0,16,1,108.0,0,0,0,0,0,0,0,0,3470,3,3,3,171
2.7,103,96,0,1,18,13,12,71,135,103.0,0,0,2,1,9.0,0,0,0,1,1,0,0,0,4618,3,1,0,48
3.8,133,128,5,2,22,9,9,107,172,139.5,0,0,2,1,14.0,0,0,1,0,0,1,0,0,2962,3,2,0,40
3.8,154,149,2,3,17,19,10,49,85,67.0,0,0,35,1,55.0,0,0,1,0,0,0,0,0,4991,0,2,3,217
3.0,77,15,1,2,30,13,3,54,71,62.5,0,0,4,0,39.0,0,0,0,0,0,0,1,0,3509,3,4,3,155
3.9,70,28,1,2,7,4,3,61,123,92.0,0,0,17,0,107.0,0,0,1,0,0,0,0,0,2418,2,4,3,28
3.6,122,117,0,1,28,12,2,47,85,66.0,0,0,25,1,40.0,0,0,0,0,0,0,1,0,2323,2,0,2,7
3.5,130,126,5,1,28,12,12,65,124,94.5,0,0,2,1,7.0,1,0,0,1,1,1,1,0,5825,3,2,0,15
3.6,63,63,2,1,1,5,12,87,141,114.0,0,0,23,1,31.0,1,0,0,0,1,1,1,0,4708,3,2,0,288
4.2,122,117,6,1,16,8,12,56,95,75.5,0,0,25,1,8.0,1,0,0,0,1,1,0,0,4391,3,3,3,115
3.5,109,122,0,7,36,8,8,71,121,96.0,0,0,20,0,46.65587044534413,0,0,0,0,0,1,1,0,3835,3,4,0,71
4.0,61,95,5,2,2,1,4,62,112,87.0,0,0,34,0,66.0,1,0,0,0,0,0,0,1,3160,3,3,2,193
3.7,175,147,3,1,30,13,6,64,108,86.0,0,0,17,0,14.0,1,0,1,0,0,0,1,1,6683,3,2,0,50
4.4,133,128,0,1,34,13,12,89,144,116.5,0,0,2,1,8.0,1,0,0,0,0,1,0,0,1225,3,2,0,108
3.5,108,103,2,1,7,4,0,109,200,154.5,0,0,16,1,10.0,1,0,0,0,0,0,1,1,4538,3,4,3,283
3.6,79,78,2,1,24,3,4,35,62,48.5,0,0,2,1,34.0,0,0,1,0,0,1,1,0,4644,0,0,0,258
3.7,97,40,5,2,50,9,10,61,113,87.0,0,0,13,0,47.0,1,0,0,0,0,1,1,0,2905,2,3,0,64
3.4,83,84,5,1,30,13,0,55,105,80.0,0,0,32,0,18.0,1,0,0,1,0,1,1,0,7878,3,1,3,309
4.0,29,5,2,4,28,12,9,36,50,43.0,1,0,32,0,43.0,0,0,0,0,1,0,0,0,5215,2,4,0,296
3.7,164,60,1,2,2,1,3,135,211,173.0,0,0,2,0,81.0,1,0,0,0,0,0,0,0,5942,0,2,0,203
2.4,82,61,5,1,23,15,4,39,66,52.5,0,0,11,0,46.65587044534413,0,0,0,0,0,0,0,0,2455,2,4,0,291
3.5,140,29,5,1,7,4,12,57,80,68.5,0,0,1,0,23.0,1,0,0,1,0,0,0,0,1249,2,1,3,254
3.9,70,28,1,2,7,4,3,63,127,95.0,0,0,17,0,107.0,0,0,0,0,0,0,0,0,3135,3,4,3,28
3.2,20,13,4,5,20,10,0,50,89,69.5,0,0,16,1,62.0,1,0,1,0,0,1,1,1,4538,2,2,3,177
4.4,41,41,3,8,39,17,12,82,132,107.0,0,0,26,1,135.0,1,0,0,0,1,1,0,0,4852,3,3,0,300
3.9,37,147,5,1,30,13,4,85,139,112.0,0,0,34,0,10.0,1,0,0,1,0,1,0,0,4501,3,2,3,297
3.4,190,80,6,1,12,5,2,72,121,96.5,0,0,5,0,23.0,1,0,0,0,0,0,0,0,4699,3,2,0,82
2.1,46,44,3,2,7,4,6,74,149,111.5,0,0,2,1,46.65587044534413,0,0,0,0,0,0,1,0,4378,0,4,0,69
3.7,30,124,1,2,7,4,3,113,196,154.5,0,0,16,0,239.0,0,0,0,1,1,1,1,0,6892,0,2,3,289
3.4,122,123,3,1,28,12,12,69,121,95.0,0,0,25,0,9.0,1,0,0,1,1,1,0,0,3134,3,2,2,244
4.0,122,117,5,1,13,7,12,71,124,97.5,0,0,25,1,13.0,1,0,0,0,0,1,1,0,3458,3,2,2,279
4.4,40,40,3,1,12,5,9,97,160,128.5,0,0,11,1,12.0,1,0,0,0,1,1,1,0,3206,3,2,0,182
2.6,141,136,5,0,9,8,12,81,167,124.0,0,0,28,1,36.0,0,0,0,0,0,0,0,0,5421,3,3,0,270
3.2,163,158,5,8,18,13,12,150,238,194.0,0,0,2,1,14.0,0,0,0,0,1,0,1,0,4893,0,2,3,299
3.7,186,181,5,4,28,12,4,48,78,63.0,1,0,3,1,54.0,0,0,0,0,0,0,0,0,1967,2,4,0,321
4.2,160,155,1,5,44,18,12,35,65,50.0,0,0,33,1,46.65587044534413,0,0,0,0,1,1,1,0,4574,3,0,0,298
3.5,122,117,3,2,1,5,12,77,132,104.5,0,0,25,1,15.0,1,0,0,1,1,1,1,0,4170,3,2,0,88
4.3,140,23,3,1,30,13,9,51,88,69.5,0,0,1,0,51.0,1,0,1,0,0,1,1,0,3728,3,2,0,271
2.6,87,84,1,1,9,8,12,101,141,121.0,0,0,2,1,23.0,1,0,1,0,0,1,0,0,2463,0,2,0,330
4.2,36,40,3,1,30,13,12,59,112,85.5,0,0,21,0,12.0,1,0,0,0,0,1,1,0,5226,3,1,0,75
3.1,5,169,2,2,58,16,3,79,147,113.0,0,0,2,0,23.0,1,0,0,1,1,1,1,0,2447,3,2,3,195
3.8,163,129,3,8,14,15,6,79,127,103.0,0,0,2,0,15.0,1,0,0,0,1,1,0,0,2751,3,2,0,269
3.9,30,24,1,2,7,4,3,62,119,90.5,0,0,16,0,190.0,0,0,0,0,1,0,0,0,5893,2,4,3,130
4.3,103,96,6,1,10,13,12,119,187,153.0,0,0,2,1,12.0,1,0,0,1,0,0,1,0,2119,3,2,1,120
3.2,111,13,4,5,20,10,0,81,132,106.5,0,0,34,0,62.0,1,0,1,1,0,1,1,1,3224,3,0,3,177
5.0,8,3,6,1,10,13,12,120,140,130.0,0,1,18,1,9.0,0,0,0,0,0,0,1,0,3839,3,2,0,268
3.3,56,54,2,2,12,5,5,90,157,123.5,0,0,2,1,32.0,0,0,1,0,0,1,1,0,7432,3,0,3,311
4.3,122,117,2,2,18,13,10,63,110,86.5,0,0,25,1,21.0,0,0,0,0,1,1,1,0,4054,3,4,1,186
3.5,171,167,5,5,28,12,10,42,86,64.0,0,0,2,1,24.0,0,0,0,0,0,1,0,0,3901,0,4,0,66
3.9,122,117,3,1,34,13,2,32,62,47.0,0,0,25,1,10.0,0,0,0,1,0,1,0,0,2492,0,0,0,267
4.0,164,159,1,2,10,13,7,116,208,162.0,0,0,2,1,38.0,1,0,0,0,0,1,1,0,3895,2,2,2,11
3.9,70,28,1,2,7,4,3,107,173,140.0,0,0,17,0,107.0,1,0,0,0,0,0,1,0,4611,3,2,3,28
3.4,128,33,6,1,30,13,8,65,113,89.0,0,0,35,0,46.65587044534413,0,0,0,0,0,0,0,0,407,2,2,0,96
3.0,92,87,1,1,25,21,3,69,127,98.0,0,0,31,1,62.0,1,0,0,0,0,1,0,0,2177,2,4,3,227
3.9,122,28,1,2,7,4,3,102,172,137.0,0,0,25,0,107.0,1,0,0,0,0,0,0,0,3197,3,2,3,28
4.0,53,51,5,5,33,14,10,74,124,99.0,0,0,3,1,105.0,1,0,0,0,1,1,0,0,4752,3,1,0,228
3.3,116,108,5,1,23,15,12,40,68,54.0,0,0,36,1,56.0,0,0,0,0,0,0,0,0,2855,0,4,0,219
3.2,67,82,2,1,28,12,12,76,142,109.0,0,0,31,0,16.0,0,0,0,0,1,0,1,0,1811,3,1,0,109
3.4,158,147,3,1,30,13,6,76,142,109.0,0,0,17,0,21.0,0,0,0,0,1,0,0,0,3705,3,1,0,188
4.4,120,114,2,1,10,13,0,108,171,139.5,0,0,16,1,36.0,1,0,0,0,0,1,0,1,2537,2,4,0,181
3.3,40,22,1,1,33,14,3,202,306,254.0,0,0,11,0,108.0,1,0,1,0,0,0,0,0,4500,0,4,3,171
3.2,122,117,2,1,10,13,12,91,159,125.0,0,0,25,1,45.0,1,0,0,0,1,1,1,0,3549,3,3,3,154
3.8,30,12,1,2,7,4,3,80,133,106.5,0,0,16,0,24.0,1,0,1,0,0,1,0,1,4086,3,2,0,204
3.6,114,90,2,5,28,12,4,42,68,55.0,1,0,6,0,85.0,0,0,0,0,0,0,0,0,2840,2,4,0,38
2.9,176,158,3,8,7,4,12,49,97,73.0,0,0,2,0,8.0,0,0,0,0,0,0,0,0,3761,0,4,3,29
2.7,158,153,3,1,7,4,6,49,113,81.0,0,0,17,1,59.0,0,0,0,0,0,0,1,0,3809,3,4,0,12
3.2,139,34,0,1,49,5,8,96,161,128.5,0,0,28,0,46.65587044534413,1,0,0,1,1,1,0,0,2352,3,3,0,206
3.1,195,192,4,1,14,15,3,65,134,99.5,0,0,21,1,145.0,0,0,0,0,0,0,1,0,7209,0,4,0,245
4.0,176,176,5,1,7,4,12,59,125,92.0,0,0,2,0,14.0,0,0,0,0,1,0,1,0,3943,3,4,3,2
3.3,153,148,5,1,33,14,10,32,59,45.5,0,0,26,1,31.0,0,0,0,0,0,0,0,0,2895,3,4,0,198
4.5,85,82,6,1,12,5,6,87,158,122.5,0,0,12,1,24.0,1,0,0,1,1,1,0,0,2331,3,3,0,191
3.0,185,179,2,8,18,13,4,27,48,37.5,0,0,7,1,43.0,0,0,0,0,0,1,1,0,6255,0,0,3,141
3.7,199,195,4,2,33,14,7,39,69,54.0,0,0,16,1,168.0,0,0,0,0,0,1,0,0,3841,3,0,0,303
3.8,122,117,2,1,56,24,5,36,71,53.5,0,0,25,1,18.0,1,0,0,0,0,1,1,0,2504,3,0,3,121
3.9,40,40,4,2,21,9,0,107,173,140.0,0,0,11,1,52.0,1,0,1,0,0,1,1,0,5374,0,0,0,310
3.2,75,13,4,5,20,10,0,56,99,77.5,0,0,34,0,62.0,0,0,0,0,0,0,0,0,3299,3,4,3,177
3.3,30,27,0,1,11,6,12,50,56,53.0,1,1,16,1,44.0,0,0,0,0,0,0,1,0,1866,2,4,0,185
3.1,195,192,4,1,14,15,3,80,155,117.5,0,0,21,1,145.0,0,0,0,0,0,0,1,0,7444,0,4,0,245
2.4,162,157,5,1,7,4,9,43,98,70.5,0,0,2,1,14.0,0,0,0,0,0,0,0,0,3401,0,4,0,89
4.8,163,158,6,1,10,13,6,45,78,61.5,0,0,2,1,9.0,0,0,0,0,0,1,1,0,3721,3,4,0,145
2.9,107,110,2,1,7,4,12,50,110,80.0,0,0,8,0,5.0,0,0,0,0,0,0,1,0,4654,0,4,0,234
2.9,88,110,2,1,7,4,12,44,96,70.0,0,0,25,0,5.0,0,0,0,0,0,0,1,0,4755,0,4,0,234
3.7,30,161,7,1,26,11,12,100,140,120.0,0,1,16,0,46.65587044534413,0,0,0,0,0,0,1,0,3334,0,4,0,165
3.4,148,142,2,1,33,14,4,61,119,90.0,0,0,16,1,32.0,0,0,0,1,0,1,1,0,2786,3,1,0,23
4.1,133,128,0,1,36,8,12,80,142,111.0,0,0,2,1,13.0,1,0,0,0,1,0,1,0,3526,3,3,0,55
3.9,163,158,6,2,10,13,12,99,178,138.5,0,0,2,1,12.0,1,0,0,0,0,1,0,0,5777,3,0,0,172
3.6,26,174,4,1,33,14,3,37,100,68.5,0,0,16,0,169.0,0,0,0,0,0,0,1,0,5071,3,2,0,180
3.9,163,158,3,1,34,13,4,62,113,87.5,0,0,2,1,9.0,1,0,0,0,1,1,1,0,3849,0,1,2,125
3.6,143,55,1,2,7,4,5,86,137,111.5,0,0,28,0,3.0,0,0,0,0,0,0,0,0,5064,3,2,3,150
3.9,30,24,1,2,7,4,3,58,111,84.5,0,0,16,0,190.0,0,0,0,0,1,0,0,0,6219,3,4,3,130
4.4,119,158,2,2,34,13,4,72,133,102.5,0,0,31,0,14.0,1,0,0,1,1,1,0,0,6167,3,1,3,112
2.6,141,136,5,0,9,8,12,56,91,73.5,0,0,28,1,36.0,0,0,0,0,0,0,1,0,3107,0,3,0,270
3.2,7,34,0,1,49,5,8,95,160,127.5,0,0,28,0,46.65587044534413,0,0,0,0,0,0,1,0,1678,3,2,0,206
3.6,19,6,5,5,20,10,9,61,126,93.5,0,0,26,0,53.0,1,0,0,0,0,0,0,0,3710,0,3,0,246
